2024-07-24,HI,Hawaii,Hawaii,$4.992
2024-07-24,HI,Hawaii,Honolulu,$4.560
2024-07-24,HI,Hawaii,Kalawao,
2024-07-24,HI,Hawaii,Kauai,$5.250
2024-07-24,HI,Hawaii,Maui,$4.746
2024-07-24,CA,California,Alameda,$4.723
2024-07-24,CA,California,Alpine,
2024-07-24,CA,California,Amador,$4.770
2024-07-24,CA,California,Butte,$4.458
2024-07-24,CA,California,Calaveras,$4.653
2024-07-24,CA,California,Colusa,$4.681
2024-07-24,CA,California,Contra Costa,$4.693
2024-07-24,CA,California,Del Norte,$4.757
2024-07-24,CA,California,El Dorado,$4.949
2024-07-24,CA,California,Fresno,$4.581
2024-07-24,CA,California,Glenn,$4.528
2024-07-24,CA,California,Humboldt,$5.159
2024-07-24,CA,California,Imperial,$4.672
2024-07-24,CA,California,Inyo,$4.964
2024-07-24,CA,California,Kern,$4.770
2024-07-24,CA,California,Kings,$4.581
2024-07-24,CA,California,Lake,$4.940
2024-07-24,CA,California,Lassen,$5.074
2024-07-24,CA,California,Los Angeles,$4.621
2024-07-24,CA,California,Madera,$4.696
2024-07-24,CA,California,Marin,$4.733
2024-07-24,CA,California,Mariposa,$4.918
2024-07-24,CA,California,Mendocino,$5.072
2024-07-24,CA,California,Merced,$4.515
2024-07-24,CA,California,Modoc,$4.999
2024-07-24,CA,California,Mono,$6.001
2024-07-24,CA,California,Monterey,$4.899
2024-07-24,CA,California,Napa,$4.864
2024-07-24,CA,California,Nevada,$5.101
2024-07-24,CA,California,Orange,$4.543
2024-07-24,CA,California,Placer,$4.756
2024-07-24,CA,California,Plumas,$5.020
2024-07-24,CA,California,Riverside,$4.567
2024-07-24,CA,California,Sacramento,$4.628
2024-07-24,CA,California,San Benito,$4.492
2024-07-24,CA,California,San Bernardino,$4.551
2024-07-24,CA,California,San Diego,$4.723
2024-07-24,CA,California,San Francisco,$4.859
2024-07-24,CA,California,San Joaquin,$4.510
2024-07-24,CA,California,San Luis Obispo,$4.916
2024-07-24,CA,California,San Mateo,$4.824
2024-07-24,CA,California,Santa Barbara,$4.812
2024-07-24,CA,California,Santa Clara,$4.620
2024-07-24,CA,California,Santa Cruz,$4.858
2024-07-24,CA,California,Shasta,$4.479
2024-07-24,CA,California,Sierra,$5.432
2024-07-24,CA,California,Siskiyou,$4.853
2024-07-24,CA,California,Solano,$4.680
2024-07-24,CA,California,Sonoma,$4.908
2024-07-24,CA,California,Stanislaus,$4.439
2024-07-24,CA,California,Sutter,$4.540
2024-07-24,CA,California,Tehama,$4.422
2024-07-24,CA,California,Trinity,$5.107
2024-07-24,CA,California,Tulare,$4.619
2024-07-24,CA,California,Tuolumne,$4.767
2024-07-24,CA,California,Ventura,$4.766
2024-07-24,CA,California,Yolo,$4.582
2024-07-24,CA,California,Yuba,$4.328
2024-07-24,WA,Washington,Adams,$4.223
2024-07-24,WA,Washington,Asotin,$3.772
2024-07-24,WA,Washington,Benton,$4.048
2024-07-24,WA,Washington,Chelan,$4.105
2024-07-24,WA,Washington,Clallam,$4.319
2024-07-24,WA,Washington,Clark,$4.270
2024-07-24,WA,Washington,Columbia,$4.549
2024-07-24,WA,Washington,Cowlitz,$4.254
2024-07-24,WA,Washington,Douglas,$3.971
2024-07-24,WA,Washington,Ferry,$3.893
2024-07-24,WA,Washington,Franklin,$4.103
2024-07-24,WA,Washington,Garfield,$4.282
2024-07-24,WA,Washington,Grant,$4.237
2024-07-24,WA,Washington,Grays Harbor,$4.423
2024-07-24,WA,Washington,Island,$4.043
2024-07-24,WA,Washington,Jefferson,$4.725
2024-07-24,WA,Washington,King,$4.562
2024-07-24,WA,Washington,Kitsap,$4.405
2024-07-24,WA,Washington,Kittitas,$4.095
2024-07-24,WA,Washington,Klickitat,$4.205
2024-07-24,WA,Washington,Lewis,$4.332
2024-07-24,WA,Washington,Lincoln,$4.029
2024-07-24,WA,Washington,Mason,$4.254
2024-07-24,WA,Washington,Okanogan,$4.157
2024-07-24,WA,Washington,Pacific,$4.615
2024-07-24,WA,Washington,Pend Oreille,$3.955
2024-07-24,WA,Washington,Pierce,$4.174
2024-07-24,WA,Washington,San Juan,$5.222
2024-07-24,WA,Washington,Skagit,$3.902
2024-07-24,WA,Washington,Skamania,$4.546
2024-07-24,WA,Washington,Snohomish,$4.323
2024-07-24,WA,Washington,Spokane,$3.758
2024-07-24,WA,Washington,Stevens,$3.960
2024-07-24,WA,Washington,Thurston,$4.269
2024-07-24,WA,Washington,Wahkiakum,$4.749
2024-07-24,WA,Washington,Walla Walla,$4.411
2024-07-24,WA,Washington,Whatcom,$4.068
2024-07-24,WA,Washington,Whitman,$4.220
2024-07-24,WA,Washington,Yakima,$3.971
2024-07-24,IL,Illinois,Adams,$3.740
2024-07-24,IL,Illinois,Alexander,$3.699
2024-07-24,IL,Illinois,Bond,$3.578
2024-07-24,IL,Illinois,Boone,$3.771
2024-07-24,IL,Illinois,Brown,$3.466
2024-07-24,IL,Illinois,Bureau,$3.687
2024-07-24,IL,Illinois,Calhoun,$3.799
2024-07-24,IL,Illinois,Carroll,$3.787
2024-07-24,IL,Illinois,Cass,$3.728
2024-07-24,IL,Illinois,Champaign,$3.741
2024-07-24,IL,Illinois,Christian,$3.726
2024-07-24,IL,Illinois,Clark,$3.681
2024-07-24,IL,Illinois,Clay,$3.713
2024-07-24,IL,Illinois,Clinton,$3.665
2024-07-24,IL,Illinois,Coles,$3.730
2024-07-24,IL,Illinois,Cook,$4.403
2024-07-24,IL,Illinois,Crawford,$3.719
2024-07-24,IL,Illinois,Cumberland,$3.732
2024-07-24,IL,Illinois,Dewitt,$3.789
2024-07-24,IL,Illinois,De Kalb,$3.802
2024-07-24,IL,Illinois,Douglas,$3.583
2024-07-24,IL,Illinois,Du Page,$4.306
2024-07-24,IL,Illinois,Edgar,$3.731
2024-07-24,IL,Illinois,Edwards,$3.799
2024-07-24,IL,Illinois,Effingham,$3.538
2024-07-24,IL,Illinois,Fayette,$3.801
2024-07-24,IL,Illinois,Ford,$3.729
2024-07-24,IL,Illinois,Franklin,$3.782
2024-07-24,IL,Illinois,Fulton,$3.730
2024-07-24,IL,Illinois,Gallatin,$3.432
2024-07-24,IL,Illinois,Greene,$3.711
2024-07-24,IL,Illinois,Grundy,$3.909
2024-07-24,IL,Illinois,Hamilton,$3.579
2024-07-24,IL,Illinois,Hancock,$3.734
2024-07-24,IL,Illinois,Hardin,$3.499
2024-07-24,IL,Illinois,Henderson,$3.719
2024-07-24,IL,Illinois,Henry,$3.672
2024-07-24,IL,Illinois,Iroquois,$3.670
2024-07-24,IL,Illinois,Jackson,$3.769
2024-07-24,IL,Illinois,Jasper,$3.799
2024-07-24,IL,Illinois,Jefferson,$3.654
2024-07-24,IL,Illinois,Jersey,$3.786
2024-07-24,IL,Illinois,Jo Daviess,$3.717
2024-07-24,IL,Illinois,Johnson,$3.671
2024-07-24,IL,Illinois,Kane,$4.229
2024-07-24,IL,Illinois,Kankakee,$3.817
2024-07-24,IL,Illinois,Kendall,$4.075
2024-07-24,IL,Illinois,Knox,$3.688
2024-07-24,IL,Illinois,La Salle,$3.670
2024-07-24,IL,Illinois,Lake,$4.229
2024-07-24,IL,Illinois,Lawrence,$3.631
2024-07-24,IL,Illinois,Lee,$3.831
2024-07-24,IL,Illinois,Livingston,$3.797
2024-07-24,IL,Illinois,Logan,$3.749
2024-07-24,IL,Illinois,Macon,$3.680
2024-07-24,IL,Illinois,Macoupin,$3.731
2024-07-24,IL,Illinois,Madison,$3.664
2024-07-24,IL,Illinois,Marion,$3.641
2024-07-24,IL,Illinois,Marshall,$3.780
2024-07-24,IL,Illinois,Mason,$3.811
2024-07-24,IL,Illinois,Massac,$3.669
2024-07-24,IL,Illinois,McDonough,$3.665
2024-07-24,IL,Illinois,McHenry,$4.191
2024-07-24,IL,Illinois,McLean,$3.757
2024-07-24,IL,Illinois,Menard,$3.766
2024-07-24,IL,Illinois,Mercer,$3.729
2024-07-24,IL,Illinois,Monroe,$3.825
2024-07-24,IL,Illinois,Montgomery,$3.731
2024-07-24,IL,Illinois,Morgan,$3.680
2024-07-24,IL,Illinois,Moultrie,$3.709
2024-07-24,IL,Illinois,Ogle,$3.786
2024-07-24,IL,Illinois,Peoria,$3.745
2024-07-24,IL,Illinois,Perry,$3.796
2024-07-24,IL,Illinois,Piatt,$3.820
2024-07-24,IL,Illinois,Pike,$3.720
2024-07-24,IL,Illinois,Pope,$3.599
2024-07-24,IL,Illinois,Pulaski,$3.649
2024-07-24,IL,Illinois,Putnam,$3.649
2024-07-24,IL,Illinois,Randolph,$3.738
2024-07-24,IL,Illinois,Richland,$3.559
2024-07-24,IL,Illinois,Rock Island,$3.593
2024-07-24,IL,Illinois,Saline,$3.687
2024-07-24,IL,Illinois,Sangamon,$3.712
2024-07-24,IL,Illinois,Schuyler,$3.655
2024-07-24,IL,Illinois,Scott,$3.482
2024-07-24,IL,Illinois,Shelby,$3.662
2024-07-24,IL,Illinois,Saint Clair,$3.809
2024-07-24,IL,Illinois,Stark,$3.799
2024-07-24,IL,Illinois,Stephenson,$3.804
2024-07-24,IL,Illinois,Tazewell,$3.778
2024-07-24,IL,Illinois,Union,$3.732
2024-07-24,IL,Illinois,Vermilion,$3.719
2024-07-24,IL,Illinois,Wabash,$3.533
2024-07-24,IL,Illinois,Warren,$3.718
2024-07-24,IL,Illinois,Washington,$3.731
2024-07-24,IL,Illinois,Wayne,$3.698
2024-07-24,IL,Illinois,White,$3.629
2024-07-24,IL,Illinois,Whiteside,$3.849
2024-07-24,IL,Illinois,Will,$4.244
2024-07-24,IL,Illinois,Williamson,$3.707
2024-07-24,IL,Illinois,Winnebago,$3.769
2024-07-24,IL,Illinois,Woodford,$3.751
2024-07-24,OR,Oregon,Baker,$3.804
2024-07-24,OR,Oregon,Benton,$3.558
2024-07-24,OR,Oregon,Clackamas,$3.974
2024-07-24,OR,Oregon,Clatsop,$4.215
2024-07-24,OR,Oregon,Columbia,$4.107
2024-07-24,OR,Oregon,Coos,$4.136
2024-07-24,OR,Oregon,Crook,$3.876
2024-07-24,OR,Oregon,Curry,$4.272
2024-07-24,OR,Oregon,Deschutes,$3.762
2024-07-24,OR,Oregon,Douglas,$3.835
2024-07-24,OR,Oregon,Gilliam,$3.909
2024-07-24,OR,Oregon,Grant,$4.121
2024-07-24,OR,Oregon,Harney,$4.196
2024-07-24,OR,Oregon,Hood River,$3.924
2024-07-24,OR,Oregon,Jackson,$3.998
2024-07-24,OR,Oregon,Jefferson,$3.716
2024-07-24,OR,Oregon,Josephine,$4.073
2024-07-24,OR,Oregon,Klamath,$3.953
2024-07-24,OR,Oregon,Lake,$4.004
2024-07-24,OR,Oregon,Lane,$3.774
2024-07-24,OR,Oregon,Lincoln,$3.686
2024-07-24,OR,Oregon,Linn,$3.658
2024-07-24,OR,Oregon,Malheur,$3.857
2024-07-24,OR,Oregon,Marion,$3.869
2024-07-24,OR,Oregon,Morrow,$3.825
2024-07-24,OR,Oregon,Multnomah,$4.141
2024-07-24,OR,Oregon,Polk,$3.838
2024-07-24,OR,Oregon,Sherman,$3.839
2024-07-24,OR,Oregon,Tillamook,$4.080
2024-07-24,OR,Oregon,Umatilla,$3.784
2024-07-24,OR,Oregon,Union,$4.005
2024-07-24,OR,Oregon,Wallowa,$4.252
2024-07-24,OR,Oregon,Wasco,$3.978
2024-07-24,OR,Oregon,Washington,$4.102
2024-07-24,OR,Oregon,Wheeler,
2024-07-24,OR,Oregon,Yamhill,$3.874
2024-07-24,NV,Nevada,Carson City,$3.602
2024-07-24,NV,Nevada,Churchill,$3.938
2024-07-24,NV,Nevada,Clark,$3.856
2024-07-24,NV,Nevada,Douglas,$3.661
2024-07-24,NV,Nevada,Elko,$3.644
2024-07-24,NV,Nevada,Esmeralda,
2024-07-24,NV,Nevada,Eureka,$3.999
2024-07-24,NV,Nevada,Humboldt,$3.696
2024-07-24,NV,Nevada,Lander,$3.809
2024-07-24,NV,Nevada,Lincoln,$3.817
2024-07-24,NV,Nevada,Lyon,$3.838
2024-07-24,NV,Nevada,Mineral,$4.787
2024-07-24,NV,Nevada,Nye,$3.627
2024-07-24,NV,Nevada,Pershing,$4.227
2024-07-24,NV,Nevada,Storey,$4.009
2024-07-24,NV,Nevada,Washoe,$4.516
2024-07-24,NV,Nevada,White Pine,$3.711
2024-07-24,AK,Alaska,Aleutians East,
2024-07-24,AK,Alaska,Aleutians West,
2024-07-24,AK,Alaska,Anchorage,$3.797
2024-07-24,AK,Alaska,Bethel,
2024-07-24,AK,Alaska,Bristol Bay,
2024-07-24,AK,Alaska,Denali,$4.061
2024-07-24,AK,Alaska,Dillingham,
2024-07-24,AK,Alaska,Fairbanks North Star,$3.612
2024-07-24,AK,Alaska,Haines,$5.069
2024-07-24,AK,Alaska,Juneau,$3.942
2024-07-24,AK,Alaska,Kenai Peninsula,$3.825
2024-07-24,AK,Alaska,Ketchikan Gateway,$3.819
2024-07-24,AK,Alaska,Kodiak Island,$4.669
2024-07-24,AK,Alaska,Matanuska Susitna,$3.647
2024-07-24,AK,Alaska,Nome,
2024-07-24,AK,Alaska,North Slope,
2024-07-24,AK,Alaska,Northwest Arctic,
2024-07-24,AK,Alaska,Lake and Peninsula,
2024-07-24,AK,Alaska,Prince Wales Ketchikan,$4.759
2024-07-24,AK,Alaska,Sitka,$4.749
2024-07-24,AK,Alaska,Skagway Hoonah Angoon,
2024-07-24,AK,Alaska,Southeast Fairbanks,$3.898
2024-07-24,AK,Alaska,Valdez Cordova,$4.430
2024-07-24,AK,Alaska,Wade Hampton,
2024-07-24,AK,Alaska,Wrangell Petersburg,$4.559
2024-07-24,AK,Alaska,Yakutat,
2024-07-24,AK,Alaska,Yukon Koyukuk,
2024-07-24,MI,Michigan,Alcona,$3.708
2024-07-24,MI,Michigan,Alger,$3.560
2024-07-24,MI,Michigan,Allegan,$3.797
2024-07-24,MI,Michigan,Alpena,$3.715
2024-07-24,MI,Michigan,Antrim,$3.774
2024-07-24,MI,Michigan,Arenac,$3.770
2024-07-24,MI,Michigan,Baraga,$3.527
2024-07-24,MI,Michigan,Barry,$3.850
2024-07-24,MI,Michigan,Bay,$3.815
2024-07-24,MI,Michigan,Benzie,$3.783
2024-07-24,MI,Michigan,Berrien,$3.762
2024-07-24,MI,Michigan,Branch,$3.827
2024-07-24,MI,Michigan,Calhoun,$3.720
2024-07-24,MI,Michigan,Cass,$3.600
2024-07-24,MI,Michigan,Charlevoix,$3.778
2024-07-24,MI,Michigan,Cheboygan,$3.813
2024-07-24,MI,Michigan,Chippewa,$3.752
2024-07-24,MI,Michigan,Clare,$3.737
2024-07-24,MI,Michigan,Clinton,$3.723
2024-07-24,MI,Michigan,Crawford,$3.909
2024-07-24,MI,Michigan,Delta,$3.532
2024-07-24,MI,Michigan,Dickinson,$3.520
2024-07-24,MI,Michigan,Eaton,$3.759
2024-07-24,MI,Michigan,Emmet,$3.782
2024-07-24,MI,Michigan,Genesee,$3.719
2024-07-24,MI,Michigan,Gladwin,$3.771
2024-07-24,MI,Michigan,Gogebic,$3.539
2024-07-24,MI,Michigan,Grand Traverse,$3.734
2024-07-24,MI,Michigan,Gratiot,$3.731
2024-07-24,MI,Michigan,Hillsdale,$3.638
2024-07-24,MI,Michigan,Houghton,$3.516
2024-07-24,MI,Michigan,Huron,$3.729
2024-07-24,MI,Michigan,Ingham,$3.802
2024-07-24,MI,Michigan,Ionia,$3.700
2024-07-24,MI,Michigan,Iosco,$3.683
2024-07-24,MI,Michigan,Iron,$3.666
2024-07-24,MI,Michigan,Isabella,$3.813
2024-07-24,MI,Michigan,Jackson,$3.768
2024-07-24,MI,Michigan,Kalamazoo,$3.772
2024-07-24,MI,Michigan,Kalkaska,$3.773
2024-07-24,MI,Michigan,Kent,$3.798
2024-07-24,MI,Michigan,Keweenaw,$3.699
2024-07-24,MI,Michigan,Lake,$3.730
2024-07-24,MI,Michigan,Lapeer,$3.733
2024-07-24,MI,Michigan,Leelanau,$3.792
2024-07-24,MI,Michigan,Lenawee,$3.645
2024-07-24,MI,Michigan,Livingston,$3.851
2024-07-24,MI,Michigan,Luce,$3.530
2024-07-24,MI,Michigan,Mackinac,$3.904
2024-07-24,MI,Michigan,Macomb,$3.718
2024-07-24,MI,Michigan,Manistee,$3.758
2024-07-24,MI,Michigan,Marquette,$3.460
2024-07-24,MI,Michigan,Mason,$3.646
2024-07-24,MI,Michigan,Mecosta,$3.762
2024-07-24,MI,Michigan,Menominee,$3.488
2024-07-24,MI,Michigan,Midland,$3.765
2024-07-24,MI,Michigan,Missaukee,$3.600
2024-07-24,MI,Michigan,Monroe,$3.721
2024-07-24,MI,Michigan,Montcalm,$3.684
2024-07-24,MI,Michigan,Montmorency,$3.519
2024-07-24,MI,Michigan,Muskegon,$3.700
2024-07-24,MI,Michigan,Newaygo,$3.704
2024-07-24,MI,Michigan,Oakland,$3.743
2024-07-24,MI,Michigan,Oceana,$3.789
2024-07-24,MI,Michigan,Ogemaw,$3.662
2024-07-24,MI,Michigan,Ontonagon,$3.604
2024-07-24,MI,Michigan,Osceola,$3.735
2024-07-24,MI,Michigan,Oscoda,$3.769
2024-07-24,MI,Michigan,Otsego,$3.804
2024-07-24,MI,Michigan,Ottawa,$3.767
2024-07-24,MI,Michigan,Presque Isle,$3.792
2024-07-24,MI,Michigan,Roscommon,$3.539
2024-07-24,MI,Michigan,Saginaw,$3.731
2024-07-24,MI,Michigan,Sanilac,$3.560
2024-07-24,MI,Michigan,Schoolcraft,$3.678
2024-07-24,MI,Michigan,Shiawassee,$3.760
2024-07-24,MI,Michigan,Saint Clair,$3.712
2024-07-24,MI,Michigan,Saint Joseph,$3.653
2024-07-24,MI,Michigan,Tuscola,$3.692
2024-07-24,MI,Michigan,Van Buren,$3.704
2024-07-24,MI,Michigan,Washtenaw,$3.725
2024-07-24,MI,Michigan,Wayne,$3.614
2024-07-24,MI,Michigan,Wexford,$3.692
2024-07-24,IN,Indiana,Adams,$3.707
2024-07-24,IN,Indiana,Allen,$3.690
2024-07-24,IN,Indiana,Bartholomew,$3.719
2024-07-24,IN,Indiana,Benton,$3.706
2024-07-24,IN,Indiana,Blackford,$3.634
2024-07-24,IN,Indiana,Boone,$3.667
2024-07-24,IN,Indiana,Brown,$3.799
2024-07-24,IN,Indiana,Carroll,$3.784
2024-07-24,IN,Indiana,Cass,$3.776
2024-07-24,IN,Indiana,Clark,$3.665
2024-07-24,IN,Indiana,Clay,$3.692
2024-07-24,IN,Indiana,Clinton,$3.681
2024-07-24,IN,Indiana,Crawford,$3.498
2024-07-24,IN,Indiana,Daviess,$3.541
2024-07-24,IN,Indiana,De Kalb,$3.747
2024-07-24,IN,Indiana,Dearborn,$3.521
2024-07-24,IN,Indiana,Decatur,$3.589
2024-07-24,IN,Indiana,Delaware,$3.670
2024-07-24,IN,Indiana,Dubois,$3.366
2024-07-24,IN,Indiana,Elkhart,$3.639
2024-07-24,IN,Indiana,Fayette,$3.684
2024-07-24,IN,Indiana,Floyd,$3.728
2024-07-24,IN,Indiana,Fountain,$3.591
2024-07-24,IN,Indiana,Franklin,$3.674
2024-07-24,IN,Indiana,Fulton,$3.786
2024-07-24,IN,Indiana,Gibson,$3.313
2024-07-24,IN,Indiana,Grant,$3.637
2024-07-24,IN,Indiana,Greene,$3.364
2024-07-24,IN,Indiana,Hamilton,$3.717
2024-07-24,IN,Indiana,Hancock,$3.712
2024-07-24,IN,Indiana,Harrison,$3.548
2024-07-24,IN,Indiana,Hendricks,$3.686
2024-07-24,IN,Indiana,Henry,$3.660
2024-07-24,IN,Indiana,Howard,$3.669
2024-07-24,IN,Indiana,Huntington,$3.697
2024-07-24,IN,Indiana,Jackson,$3.601
2024-07-24,IN,Indiana,Jasper,$3.700
2024-07-24,IN,Indiana,Jay,$3.473
2024-07-24,IN,Indiana,Jefferson,$3.666
2024-07-24,IN,Indiana,Jennings,$3.779
2024-07-24,IN,Indiana,Johnson,$3.686
2024-07-24,IN,Indiana,Knox,$3.412
2024-07-24,IN,Indiana,Kosciusko,$3.702
2024-07-24,IN,Indiana,La Porte,$3.701
2024-07-24,IN,Indiana,Lagrange,$3.687
2024-07-24,IN,Indiana,Lake,$4.103
2024-07-24,IN,Indiana,Lawrence,$3.496
2024-07-24,IN,Indiana,Madison,$3.627
2024-07-24,IN,Indiana,Marion,$3.654
2024-07-24,IN,Indiana,Marshall,$3.704
2024-07-24,IN,Indiana,Martin,$3.369
2024-07-24,IN,Indiana,Miami,$3.674
2024-07-24,IN,Indiana,Monroe,$3.750
2024-07-24,IN,Indiana,Montgomery,$3.683
2024-07-24,IN,Indiana,Morgan,$3.703
2024-07-24,IN,Indiana,Newton,$3.622
2024-07-24,IN,Indiana,Noble,$3.719
2024-07-24,IN,Indiana,Ohio,$3.466
2024-07-24,IN,Indiana,Orange,$3.325
2024-07-24,IN,Indiana,Owen,$3.749
2024-07-24,IN,Indiana,Parke,$3.666
2024-07-24,IN,Indiana,Perry,$3.403
2024-07-24,IN,Indiana,Pike,$3.402
2024-07-24,IN,Indiana,Porter,$4.152
2024-07-24,IN,Indiana,Posey,$3.345
2024-07-24,IN,Indiana,Pulaski,$3.788
2024-07-24,IN,Indiana,Putnam,$3.733
2024-07-24,IN,Indiana,Randolph,$3.609
2024-07-24,IN,Indiana,Ripley,$3.566
2024-07-24,IN,Indiana,Rush,$3.707
2024-07-24,IN,Indiana,Scott,$3.593
2024-07-24,IN,Indiana,Shelby,$3.689
2024-07-24,IN,Indiana,Spencer,$3.386
2024-07-24,IN,Indiana,Saint Joseph,
2024-07-24,IN,Indiana,Starke,$3.704
2024-07-24,IN,Indiana,Steuben,$3.690
2024-07-24,IN,Indiana,Sullivan,$3.647
2024-07-24,IN,Indiana,Switzerland,$3.439
2024-07-24,IN,Indiana,Tippecanoe,$3.726
2024-07-24,IN,Indiana,Tipton,$3.663
2024-07-24,IN,Indiana,Union,$3.449
2024-07-24,IN,Indiana,Vanderburgh,$3.418
2024-07-24,IN,Indiana,Vermillion,$3.765
2024-07-24,IN,Indiana,Vigo,$3.638
2024-07-24,IN,Indiana,Wabash,$3.639
2024-07-24,IN,Indiana,Warren,$3.669
2024-07-24,IN,Indiana,Warrick,$3.282
2024-07-24,IN,Indiana,Washington,$3.414
2024-07-24,IN,Indiana,Wayne,$3.699
2024-07-24,IN,Indiana,Wells,$3.611
2024-07-24,IN,Indiana,White,$3.741
2024-07-24,IN,Indiana,Whitley,$3.757
2024-07-24,PA,Pennsylvania,Adams,$3.653
2024-07-24,PA,Pennsylvania,Allegheny,$3.742
2024-07-24,PA,Pennsylvania,Armstrong,$3.762
2024-07-24,PA,Pennsylvania,Beaver,$3.807
2024-07-24,PA,Pennsylvania,Bedford,$3.652
2024-07-24,PA,Pennsylvania,Berks,$3.591
2024-07-24,PA,Pennsylvania,Blair,$3.680
2024-07-24,PA,Pennsylvania,Bradford,$3.687
2024-07-24,PA,Pennsylvania,Bucks,$3.571
2024-07-24,PA,Pennsylvania,Butler,$3.647
2024-07-24,PA,Pennsylvania,Cambria,$3.779
2024-07-24,PA,Pennsylvania,Cameron,$3.799
2024-07-24,PA,Pennsylvania,Carbon,$3.533
2024-07-24,PA,Pennsylvania,Centre,$3.642
2024-07-24,PA,Pennsylvania,Chester,$3.544
2024-07-24,PA,Pennsylvania,Clarion,$3.737
2024-07-24,PA,Pennsylvania,Clearfield,$3.727
2024-07-24,PA,Pennsylvania,Clinton,$3.489
2024-07-24,PA,Pennsylvania,Columbia,$3.563
2024-07-24,PA,Pennsylvania,Crawford,$3.768
2024-07-24,PA,Pennsylvania,Cumberland,$3.624
2024-07-24,PA,Pennsylvania,Dauphin,$3.637
2024-07-24,PA,Pennsylvania,Delaware,$3.567
2024-07-24,PA,Pennsylvania,Elk,$3.838
2024-07-24,PA,Pennsylvania,Erie,$3.675
2024-07-24,PA,Pennsylvania,Fayette,$3.756
2024-07-24,PA,Pennsylvania,Forest,$3.747
2024-07-24,PA,Pennsylvania,Franklin,$3.591
2024-07-24,PA,Pennsylvania,Fulton,$3.643
2024-07-24,PA,Pennsylvania,Greene,$3.810
2024-07-24,PA,Pennsylvania,Huntingdon,$3.708
2024-07-24,PA,Pennsylvania,Indiana,$3.763
2024-07-24,PA,Pennsylvania,Jefferson,$3.660
2024-07-24,PA,Pennsylvania,Juniata,$3.631
2024-07-24,PA,Pennsylvania,Lackawanna,$3.603
2024-07-24,PA,Pennsylvania,Lancaster,$3.589
2024-07-24,PA,Pennsylvania,Lawrence,$3.715
2024-07-24,PA,Pennsylvania,Lebanon,$3.636
2024-07-24,PA,Pennsylvania,Lehigh,$3.552
2024-07-24,PA,Pennsylvania,Luzerne,$3.556
2024-07-24,PA,Pennsylvania,Lycoming,$3.620
2024-07-24,PA,Pennsylvania,McKean,$3.876
2024-07-24,PA,Pennsylvania,Mercer,$3.790
2024-07-24,PA,Pennsylvania,Mifflin,$3.721
2024-07-24,PA,Pennsylvania,Monroe,$3.498
2024-07-24,PA,Pennsylvania,Montgomery,$3.555
2024-07-24,PA,Pennsylvania,Montour,$3.544
2024-07-24,PA,Pennsylvania,Northampton,$3.505
2024-07-24,PA,Pennsylvania,Northumberland,$3.588
2024-07-24,PA,Pennsylvania,Perry,$3.619
2024-07-24,PA,Pennsylvania,Philadelphia,$3.604
2024-07-24,PA,Pennsylvania,Pike,$3.699
2024-07-24,PA,Pennsylvania,Potter,$3.731
2024-07-24,PA,Pennsylvania,Schuylkill,$3.547
2024-07-24,PA,Pennsylvania,Snyder,$3.498
2024-07-24,PA,Pennsylvania,Somerset,$3.730
2024-07-24,PA,Pennsylvania,Sullivan,$3.676
2024-07-24,PA,Pennsylvania,Susquehanna,$3.644
2024-07-24,PA,Pennsylvania,Tioga,$3.677
2024-07-24,PA,Pennsylvania,Union,$3.504
2024-07-24,PA,Pennsylvania,Venango,$3.775
2024-07-24,PA,Pennsylvania,Warren,$3.894
2024-07-24,PA,Pennsylvania,Washington,$3.713
2024-07-24,PA,Pennsylvania,Wayne,$3.658
2024-07-24,PA,Pennsylvania,Westmoreland,$3.736
2024-07-24,PA,Pennsylvania,Wyoming,$3.522
2024-07-24,PA,Pennsylvania,York,$3.720
2024-07-24,NY,New York,Albany,$3.608
2024-07-24,NY,New York,Allegany,$3.605
2024-07-24,NY,New York,Bronx,$3.706
2024-07-24,NY,New York,Broome,$3.604
2024-07-24,NY,New York,Cattaraugus,$3.510
2024-07-24,NY,New York,Cayuga,$3.520
2024-07-24,NY,New York,Chautauqua,$3.616
2024-07-24,NY,New York,Chemung,$3.477
2024-07-24,NY,New York,Chenango,$3.543
2024-07-24,NY,New York,Clinton,$3.503
2024-07-24,NY,New York,Columbia,$3.590
2024-07-24,NY,New York,Cortland,$3.643
2024-07-24,NY,New York,Delaware,$3.716
2024-07-24,NY,New York,Dutchess,$3.611
2024-07-24,NY,New York,Erie,$3.616
2024-07-24,NY,New York,Essex,$3.812
2024-07-24,NY,New York,Franklin,$3.613
2024-07-24,NY,New York,Fulton,$3.639
2024-07-24,NY,New York,Genesee,$3.546
2024-07-24,NY,New York,Greene,$3.642
2024-07-24,NY,New York,Hamilton,$3.942
2024-07-24,NY,New York,Herkimer,$3.589
2024-07-24,NY,New York,Jefferson,$3.638
2024-07-24,NY,New York,Kings,$3.614
2024-07-24,NY,New York,Lewis,$3.712
2024-07-24,NY,New York,Livingston,$3.649
2024-07-24,NY,New York,Madison,$3.591
2024-07-24,NY,New York,Monroe,$3.622
2024-07-24,NY,New York,Montgomery,$3.609
2024-07-24,NY,New York,Nassau,$3.528
2024-07-24,NY,New York,New York,$4.042
2024-07-24,NY,New York,Niagara,$3.543
2024-07-24,NY,New York,Oneida,$3.688
2024-07-24,NY,New York,Onondaga,$3.560
2024-07-24,NY,New York,Ontario,$3.637
2024-07-24,NY,New York,Orange,$3.572
2024-07-24,NY,New York,Orleans,$3.667
2024-07-24,NY,New York,Oswego,$3.624
2024-07-24,NY,New York,Otsego,$3.747
2024-07-24,NY,New York,Putnam,$3.668
2024-07-24,NY,New York,Queens,$3.641
2024-07-24,NY,New York,Rensselaer,$3.596
2024-07-24,NY,New York,Richmond,$3.672
2024-07-24,NY,New York,Rockland,$3.812
2024-07-24,NY,New York,Saratoga,$3.603
2024-07-24,NY,New York,Schenectady,$3.529
2024-07-24,NY,New York,Schoharie,$3.541
2024-07-24,NY,New York,Schuyler,$3.553
2024-07-24,NY,New York,Seneca,$3.461
2024-07-24,NY,New York,Saint Lawrence,$3.834
2024-07-24,NY,New York,Steuben,$3.605
2024-07-24,NY,New York,Suffolk,$3.554
2024-07-24,NY,New York,Sullivan,$3.623
2024-07-24,NY,New York,Tioga,$3.578
2024-07-24,NY,New York,Tompkins,$3.665
2024-07-24,NY,New York,Ulster,$3.577
2024-07-24,NY,New York,Warren,$3.683
2024-07-24,NY,New York,Washington,$3.601
2024-07-24,NY,New York,Wayne,$3.643
2024-07-24,NY,New York,Westchester,$3.799
2024-07-24,NY,New York,Wyoming,$3.595
2024-07-24,NY,New York,Yates,$3.636
2024-07-24,ID,Idaho,Ada,$3.587
2024-07-24,ID,Idaho,Adams,$3.834
2024-07-24,ID,Idaho,Bannock,$3.554
2024-07-24,ID,Idaho,Bear Lake,$3.571
2024-07-24,ID,Idaho,Benewah,$3.573
2024-07-24,ID,Idaho,Bingham,$3.500
2024-07-24,ID,Idaho,Blaine,$3.863
2024-07-24,ID,Idaho,Boise,$3.789
2024-07-24,ID,Idaho,Bonner,$3.646
2024-07-24,ID,Idaho,Bonneville,$3.423
2024-07-24,ID,Idaho,Boundary,$3.551
2024-07-24,ID,Idaho,Butte,$3.662
2024-07-24,ID,Idaho,Camas,$3.899
2024-07-24,ID,Idaho,Canyon,$3.625
2024-07-24,ID,Idaho,Caribou,$3.567
2024-07-24,ID,Idaho,Cassia,$3.532
2024-07-24,ID,Idaho,Clark,$3.999
2024-07-24,ID,Idaho,Clearwater,$3.667
2024-07-24,ID,Idaho,Custer,$3.750
2024-07-24,ID,Idaho,Elmore,$3.568
2024-07-24,ID,Idaho,Franklin,$3.499
2024-07-24,ID,Idaho,Fremont,$3.973
2024-07-24,ID,Idaho,Gem,$3.596
2024-07-24,ID,Idaho,Gooding,$3.595
2024-07-24,ID,Idaho,Idaho,$3.867
2024-07-24,ID,Idaho,Jefferson,$3.471
2024-07-24,ID,Idaho,Jerome,$3.524
2024-07-24,ID,Idaho,Kootenai,$3.425
2024-07-24,ID,Idaho,Latah,$3.679
2024-07-24,ID,Idaho,Lemhi,$3.603
2024-07-24,ID,Idaho,Lewis,$3.627
2024-07-24,ID,Idaho,Lincoln,$3.649
2024-07-24,ID,Idaho,Madison,$3.519
2024-07-24,ID,Idaho,Minidoka,$3.514
2024-07-24,ID,Idaho,Nez perce,$3.485
2024-07-24,ID,Idaho,Oneida,$3.587
2024-07-24,ID,Idaho,Owyhee,$3.671
2024-07-24,ID,Idaho,Payette,$3.670
2024-07-24,ID,Idaho,Power,$3.509
2024-07-24,ID,Idaho,Shoshone,$3.724
2024-07-24,ID,Idaho,Teton,$3.658
2024-07-24,ID,Idaho,Twin falls,$3.596
2024-07-24,ID,Idaho,Valley,$3.845
2024-07-24,ID,Idaho,Washington,$3.677
2024-07-24,UT,Utah,Beaver,$3.768
2024-07-24,UT,Utah,Box Elder,$3.496
2024-07-24,UT,Utah,Cache,$3.510
2024-07-24,UT,Utah,Carbon,$3.413
2024-07-24,UT,Utah,Daggett,$3.872
2024-07-24,UT,Utah,Davis,$3.562
2024-07-24,UT,Utah,Duchesne,$3.570
2024-07-24,UT,Utah,Emery,$3.635
2024-07-24,UT,Utah,Garfield,$3.782
2024-07-24,UT,Utah,Grand,$3.740
2024-07-24,UT,Utah,Iron,$3.469
2024-07-24,UT,Utah,Juab,$3.573
2024-07-24,UT,Utah,Kane,$3.822
2024-07-24,UT,Utah,Millard,$3.536
2024-07-24,UT,Utah,Morgan,$3.656
2024-07-24,UT,Utah,Piute,$3.919
2024-07-24,UT,Utah,Rich,$3.889
2024-07-24,UT,Utah,Salt Lake,$3.570
2024-07-24,UT,Utah,San Juan,$3.816
2024-07-24,UT,Utah,Sanpete,$3.557
2024-07-24,UT,Utah,Sevier,$3.502
2024-07-24,UT,Utah,Summit,$3.671
2024-07-24,UT,Utah,Tooele,$3.550
2024-07-24,UT,Utah,Uintah,$3.553
2024-07-24,UT,Utah,Utah,$3.547
2024-07-24,UT,Utah,Wasatch,$3.553
2024-07-24,UT,Utah,Washington,$3.629
2024-07-24,UT,Utah,Wayne,$3.812
2024-07-24,UT,Utah,Weber,$3.555
2024-07-24,CT,Connecticut,Fairfield,$3.629
2024-07-24,CT,Connecticut,Hartford,$3.556
2024-07-24,CT,Connecticut,Litchfield,$3.567
2024-07-24,CT,Connecticut,Middlesex,$3.583
2024-07-24,CT,Connecticut,New Haven,$3.572
2024-07-24,CT,Connecticut,New London,$3.567
2024-07-24,CT,Connecticut,Tolland,$3.500
2024-07-24,CT,Connecticut,Windham,$3.562
2024-07-24,MT,Montana,Beaverhead,$3.621
2024-07-24,MT,Montana,Big Horn,$3.555
2024-07-24,MT,Montana,Blaine,$3.515
2024-07-24,MT,Montana,Broadwater,$3.414
2024-07-24,MT,Montana,Carbon,$3.516
2024-07-24,MT,Montana,Carter,$3.679
2024-07-24,MT,Montana,Cascade,$3.496
2024-07-24,MT,Montana,Chouteau,$3.503
2024-07-24,MT,Montana,Custer,$3.466
2024-07-24,MT,Montana,Daniels,$3.642
2024-07-24,MT,Montana,Dawson,$3.420
2024-07-24,MT,Montana,Deer Lodge,$3.497
2024-07-24,MT,Montana,Fallon,$3.594
2024-07-24,MT,Montana,Fergus,$3.616
2024-07-24,MT,Montana,Flathead,$3.607
2024-07-24,MT,Montana,Gallatin,$3.511
2024-07-24,MT,Montana,Garfield,$3.634
2024-07-24,MT,Montana,Glacier,$3.795
2024-07-24,MT,Montana,Golden Valley,$3.549
2024-07-24,MT,Montana,Granite,$3.644
2024-07-24,MT,Montana,Hill,$3.499
2024-07-24,MT,Montana,Jefferson,$3.513
2024-07-24,MT,Montana,Judith Basin,$3.799
2024-07-24,MT,Montana,Lake,$3.571
2024-07-24,MT,Montana,Lewis and Clark,$3.472
2024-07-24,MT,Montana,Liberty,$3.586
2024-07-24,MT,Montana,Lincoln,$3.607
2024-07-24,MT,Montana,Madison,$3.501
2024-07-24,MT,Montana,McCone,$3.582
2024-07-24,MT,Montana,Meagher,$3.559
2024-07-24,MT,Montana,Mineral,$3.659
2024-07-24,MT,Montana,Missoula,$3.608
2024-07-24,MT,Montana,Musselshell,$3.599
2024-07-24,MT,Montana,Park,$3.586
2024-07-24,MT,Montana,Petroleum,
2024-07-24,MT,Montana,Phillips,$3.462
2024-07-24,MT,Montana,Pondera,$3.561
2024-07-24,MT,Montana,Powder River,$3.709
2024-07-24,MT,Montana,Powell,$3.531
2024-07-24,MT,Montana,Prairie,$3.544
2024-07-24,MT,Montana,Ravalli,$3.586
2024-07-24,MT,Montana,Richland,$3.463
2024-07-24,MT,Montana,Roosevelt,$3.568
2024-07-24,MT,Montana,Rosebud,$3.563
2024-07-24,MT,Montana,Sanders,$3.590
2024-07-24,MT,Montana,Sheridan,$3.447
2024-07-24,MT,Montana,Silver Bow,$3.498
2024-07-24,MT,Montana,Stillwater,$3.511
2024-07-24,MT,Montana,Sweet Grass,$3.452
2024-07-24,MT,Montana,Teton,$3.559
2024-07-24,MT,Montana,Toole,$3.589
2024-07-24,MT,Montana,Treasure,$3.599
2024-07-24,MT,Montana,Valley,$3.519
2024-07-24,MT,Montana,Wheatland,$3.752
2024-07-24,MT,Montana,Wibaux,$3.519
2024-07-24,MT,Montana,Yellowstone,$3.483
2024-07-24,OH,Ohio,Adams,$3.411
2024-07-24,OH,Ohio,Allen,$3.536
2024-07-24,OH,Ohio,Ashland,$3.589
2024-07-24,OH,Ohio,Ashtabula,$3.590
2024-07-24,OH,Ohio,Athens,$3.605
2024-07-24,OH,Ohio,Auglaize,$3.395
2024-07-24,OH,Ohio,Belmont,$3.459
2024-07-24,OH,Ohio,Brown,$3.402
2024-07-24,OH,Ohio,Butler,$3.570
2024-07-24,OH,Ohio,Carroll,$3.691
2024-07-24,OH,Ohio,Champaign,$3.537
2024-07-24,OH,Ohio,Clark,$3.511
2024-07-24,OH,Ohio,Clermont,$3.563
2024-07-24,OH,Ohio,Clinton,$3.520
2024-07-24,OH,Ohio,Columbiana,$3.489
2024-07-24,OH,Ohio,Coshocton,$3.521
2024-07-24,OH,Ohio,Crawford,$3.574
2024-07-24,OH,Ohio,Cuyahoga,$3.547
2024-07-24,OH,Ohio,Darke,$3.444
2024-07-24,OH,Ohio,Defiance,$3.532
2024-07-24,OH,Ohio,Delaware,$3.633
2024-07-24,OH,Ohio,Erie,$3.592
2024-07-24,OH,Ohio,Fairfield,$3.454
2024-07-24,OH,Ohio,Fayette,$3.571
2024-07-24,OH,Ohio,Franklin,$3.612
2024-07-24,OH,Ohio,Fulton,$3.515
2024-07-24,OH,Ohio,Gallia,$3.439
2024-07-24,OH,Ohio,Geauga,$3.560
2024-07-24,OH,Ohio,Greene,$3.495
2024-07-24,OH,Ohio,Guernsey,$3.568
2024-07-24,OH,Ohio,Hamilton,$3.601
2024-07-24,OH,Ohio,Hancock,$3.504
2024-07-24,OH,Ohio,Hardin,$3.323
2024-07-24,OH,Ohio,Harrison,$3.525
2024-07-24,OH,Ohio,Henry,$3.484
2024-07-24,OH,Ohio,Highland,$3.468
2024-07-24,OH,Ohio,Hocking,$3.556
2024-07-24,OH,Ohio,Holmes,$3.575
2024-07-24,OH,Ohio,Huron,$3.612
2024-07-24,OH,Ohio,Jackson,$3.468
2024-07-24,OH,Ohio,Jefferson,$3.520
2024-07-24,OH,Ohio,Knox,$3.580
2024-07-24,OH,Ohio,Lake,$3.601
2024-07-24,OH,Ohio,Lawrence,$3.630
2024-07-24,OH,Ohio,Licking,$3.618
2024-07-24,OH,Ohio,Logan,$3.515
2024-07-24,OH,Ohio,Lorain,$3.529
2024-07-24,OH,Ohio,Lucas,$3.540
2024-07-24,OH,Ohio,Madison,$3.527
2024-07-24,OH,Ohio,Mahoning,$3.478
2024-07-24,OH,Ohio,Marion,$3.574
2024-07-24,OH,Ohio,Medina,$3.607
2024-07-24,OH,Ohio,Meigs,$3.338
2024-07-24,OH,Ohio,Mercer,$3.394
2024-07-24,OH,Ohio,Miami,$3.525
2024-07-24,OH,Ohio,Monroe,$3.430
2024-07-24,OH,Ohio,Montgomery,$3.487
2024-07-24,OH,Ohio,Morgan,$3.587
2024-07-24,OH,Ohio,Morrow,$3.591
2024-07-24,OH,Ohio,Muskingum,$3.516
2024-07-24,OH,Ohio,Noble,$3.567
2024-07-24,OH,Ohio,Ottawa,$3.554
2024-07-24,OH,Ohio,Paulding,$3.562
2024-07-24,OH,Ohio,Perry,$3.531
2024-07-24,OH,Ohio,Pickaway,$3.580
2024-07-24,OH,Ohio,Pike,$3.544
2024-07-24,OH,Ohio,Portage,$3.530
2024-07-24,OH,Ohio,Preble,$3.485
2024-07-24,OH,Ohio,Putnam,$3.500
2024-07-24,OH,Ohio,Richland,$3.542
2024-07-24,OH,Ohio,Ross,$3.510
2024-07-24,OH,Ohio,Sandusky,$3.499
2024-07-24,OH,Ohio,Scioto,$3.405
2024-07-24,OH,Ohio,Seneca,$3.557
2024-07-24,OH,Ohio,Shelby,$3.418
2024-07-24,OH,Ohio,Stark,$3.572
2024-07-24,OH,Ohio,Summit,$3.608
2024-07-24,OH,Ohio,Trumbull,$3.505
2024-07-24,OH,Ohio,Tuscarawas,$3.612
2024-07-24,OH,Ohio,Union,$3.576
2024-07-24,OH,Ohio,Van Wert,$3.492
2024-07-24,OH,Ohio,Vinton,$3.376
2024-07-24,OH,Ohio,Warren,$3.559
2024-07-24,OH,Ohio,Washington,$3.549
2024-07-24,OH,Ohio,Wayne,$3.577
2024-07-24,OH,Ohio,Williams,$3.566
2024-07-24,OH,Ohio,Wood,$3.542
2024-07-24,OH,Ohio,Wyandot,$3.408
2024-07-24,MA,Massachusetts,Barnstable,$3.558
2024-07-24,MA,Massachusetts,Berkshire,$3.495
2024-07-24,MA,Massachusetts,Bristol,$3.381
2024-07-24,MA,Massachusetts,Dukes,$4.656
2024-07-24,MA,Massachusetts,Essex,$3.524
2024-07-24,MA,Massachusetts,Franklin,$3.447
2024-07-24,MA,Massachusetts,Hampden,$3.392
2024-07-24,MA,Massachusetts,Hampshire,$3.436
2024-07-24,MA,Massachusetts,Middlesex,$3.553
2024-07-24,MA,Massachusetts,Nantucket,$4.736
2024-07-24,MA,Massachusetts,Norfolk,$3.482
2024-07-24,MA,Massachusetts,Plymouth,$3.425
2024-07-24,MA,Massachusetts,Suffolk,$3.666
2024-07-24,MA,Massachusetts,Worcester,$3.478
2024-07-24,ME,Maine,Androscoggin,$3.513
2024-07-24,ME,Maine,Aroostook,$3.491
2024-07-24,ME,Maine,Cumberland,$3.526
2024-07-24,ME,Maine,Franklin,$3.491
2024-07-24,ME,Maine,Hancock,$3.516
2024-07-24,ME,Maine,Kennebec,$3.495
2024-07-24,ME,Maine,Knox,$3.427
2024-07-24,ME,Maine,Lincoln,$3.460
2024-07-24,ME,Maine,Oxford,$3.489
2024-07-24,ME,Maine,Penobscot,$3.442
2024-07-24,ME,Maine,Piscataquis,$3.464
2024-07-24,ME,Maine,Sagadahoc,$3.565
2024-07-24,ME,Maine,Somerset,$3.455
2024-07-24,ME,Maine,Waldo,$3.442
2024-07-24,ME,Maine,Washington,$3.503
2024-07-24,ME,Maine,York,$3.507
2024-07-24,MD,Maryland,Allegany,$3.568
2024-07-24,MD,Maryland,Anne Arundel,$3.447
2024-07-24,MD,Maryland,Baltimore City,$3.471
2024-07-24,MD,Maryland,Baltimore,$3.439
2024-07-24,MD,Maryland,Calvert,$3.538
2024-07-24,MD,Maryland,Cecil,$3.439
2024-07-24,MD,Maryland,Charles,$3.464
2024-07-24,MD,Maryland,Carroll,$3.420
2024-07-24,MD,Maryland,Caroline,$3.400
2024-07-24,MD,Maryland,Dorchester,$3.435
2024-07-24,MD,Maryland,Frederick,$3.540
2024-07-24,MD,Maryland,Garrett,$3.619
2024-07-24,MD,Maryland,Harford,$3.427
2024-07-24,MD,Maryland,Howard,$3.527
2024-07-24,MD,Maryland,Kent,$3.446
2024-07-24,MD,Maryland,Montgomery,$3.603
2024-07-24,MD,Maryland,Prince Georges,$3.496
2024-07-24,MD,Maryland,Queen Annes,$3.426
2024-07-24,MD,Maryland,Saint Marys,$3.517
2024-07-24,MD,Maryland,Somerset,$3.455
2024-07-24,MD,Maryland,Talbot,$3.398
2024-07-24,MD,Maryland,Washington,$3.509
2024-07-24,MD,Maryland,Wicomico,$3.390
2024-07-24,MD,Maryland,Worcester,$3.414
2024-07-24,WI,Wisconsin,Adams,$3.509
2024-07-24,WI,Wisconsin,Ashland,$3.350
2024-07-24,WI,Wisconsin,Barron,$3.334
2024-07-24,WI,Wisconsin,Bayfield,$3.406
2024-07-24,WI,Wisconsin,Brown,$3.452
2024-07-24,WI,Wisconsin,Buffalo,$3.157
2024-07-24,WI,Wisconsin,Burnett,$3.331
2024-07-24,WI,Wisconsin,Calumet,$3.465
2024-07-24,WI,Wisconsin,Chippewa,$3.235
2024-07-24,WI,Wisconsin,Clark,$3.354
2024-07-24,WI,Wisconsin,Columbia,$3.413
2024-07-24,WI,Wisconsin,Crawford,$3.426
2024-07-24,WI,Wisconsin,Dane,$3.456
2024-07-24,WI,Wisconsin,Dodge,$3.437
2024-07-24,WI,Wisconsin,Door,$3.500
2024-07-24,WI,Wisconsin,Douglas,$3.276
2024-07-24,WI,Wisconsin,Dunn,$3.285
2024-07-24,WI,Wisconsin,Eau Claire,$3.204
2024-07-24,WI,Wisconsin,Florence,$3.492
2024-07-24,WI,Wisconsin,Fond du Lac,$3.367
2024-07-24,WI,Wisconsin,Forest,$3.412
2024-07-24,WI,Wisconsin,Grant,$3.459
2024-07-24,WI,Wisconsin,Green,$3.455
2024-07-24,WI,Wisconsin,Green Lake,$3.468
2024-07-24,WI,Wisconsin,Iowa,$3.479
2024-07-24,WI,Wisconsin,Iron,$3.483
2024-07-24,WI,Wisconsin,Jackson,$3.400
2024-07-24,WI,Wisconsin,Jefferson,$3.460
2024-07-24,WI,Wisconsin,Juneau,$3.353
2024-07-24,WI,Wisconsin,Kenosha,$3.750
2024-07-24,WI,Wisconsin,Kewaunee,$3.455
2024-07-24,WI,Wisconsin,La Crosse,$3.218
2024-07-24,WI,Wisconsin,Lafayette,$3.447
2024-07-24,WI,Wisconsin,Langlade,$3.508
2024-07-24,WI,Wisconsin,Lincoln,$3.531
2024-07-24,WI,Wisconsin,Manitowoc,$3.411
2024-07-24,WI,Wisconsin,Marathon,$3.428
2024-07-24,WI,Wisconsin,Marinette,$3.471
2024-07-24,WI,Wisconsin,Marquette,$3.481
2024-07-24,WI,Wisconsin,Menominee,$3.439
2024-07-24,WI,Wisconsin,Milwaukee,$3.633
2024-07-24,WI,Wisconsin,Monroe,$3.420
2024-07-24,WI,Wisconsin,Oconto,$3.408
2024-07-24,WI,Wisconsin,Oneida,$3.542
2024-07-24,WI,Wisconsin,Outagamie,$3.416
2024-07-24,WI,Wisconsin,Ozaukee,$3.784
2024-07-24,WI,Wisconsin,Pepin,$3.199
2024-07-24,WI,Wisconsin,Pierce,$3.305
2024-07-24,WI,Wisconsin,Polk,$3.311
2024-07-24,WI,Wisconsin,Portage,$3.492
2024-07-24,WI,Wisconsin,Price,$3.622
2024-07-24,WI,Wisconsin,Racine,$3.653
2024-07-24,WI,Wisconsin,Richland,$3.465
2024-07-24,WI,Wisconsin,Rock,$3.352
2024-07-24,WI,Wisconsin,Rusk,$3.356
2024-07-24,WI,Wisconsin,Sauk,$3.320
2024-07-24,WI,Wisconsin,Sawyer,$3.438
2024-07-24,WI,Wisconsin,Shawano,$3.483
2024-07-24,WI,Wisconsin,Sheboygan,$3.437
2024-07-24,WI,Wisconsin,Saint Croix,$3.337
2024-07-24,WI,Wisconsin,Taylor,$3.380
2024-07-24,WI,Wisconsin,Trempealeau,$3.206
2024-07-24,WI,Wisconsin,Vernon,$3.355
2024-07-24,WI,Wisconsin,Vilas,$3.507
2024-07-24,WI,Wisconsin,Walworth,$3.415
2024-07-24,WI,Wisconsin,Washburn,$3.337
2024-07-24,WI,Wisconsin,Washington,$3.758
2024-07-24,WI,Wisconsin,Waukesha,$3.737
2024-07-24,WI,Wisconsin,Waupaca,$3.442
2024-07-24,WI,Wisconsin,Waushara,$3.481
2024-07-24,WI,Wisconsin,Winnebago,$3.444
2024-07-24,WI,Wisconsin,Wood,$3.430
2024-07-24,AZ,Arizona,Apache,$3.611
2024-07-24,AZ,Arizona,Cochise,$3.501
2024-07-24,AZ,Arizona,Coconino,$3.652
2024-07-24,AZ,Arizona,Gila,$3.603
2024-07-24,AZ,Arizona,Graham,$3.605
2024-07-24,AZ,Arizona,Greenlee,$3.532
2024-07-24,AZ,Arizona,La Paz,$3.381
2024-07-24,AZ,Arizona,Maricopa,$3.471
2024-07-24,AZ,Arizona,Mohave,$3.464
2024-07-24,AZ,Arizona,Navajo,$3.486
2024-07-24,AZ,Arizona,Pima,$3.365
2024-07-24,AZ,Arizona,Pinal,$3.405
2024-07-24,AZ,Arizona,Santa Cruz,$3.512
2024-07-24,AZ,Arizona,Yavapai,$3.511
2024-07-24,AZ,Arizona,Yuma,$3.448
2024-07-24,VT,Vermont,Addison,$3.382
2024-07-24,VT,Vermont,Bennington,$3.425
2024-07-24,VT,Vermont,Caledonia,$3.471
2024-07-24,VT,Vermont,Chittenden,$3.487
2024-07-24,VT,Vermont,Essex,$3.734
2024-07-24,VT,Vermont,Franklin,$3.498
2024-07-24,VT,Vermont,Grand Isle,$3.452
2024-07-24,VT,Vermont,Lamoille,$3.534
2024-07-24,VT,Vermont,Orange,$3.509
2024-07-24,VT,Vermont,Orleans,$3.526
2024-07-24,VT,Vermont,Rutland,$3.375
2024-07-24,VT,Vermont,Washington,$3.495
2024-07-24,VT,Vermont,Windham,$3.431
2024-07-24,VT,Vermont,Windsor,$3.455
2024-07-24,FL,Florida,Alachua,$3.512
2024-07-24,FL,Florida,Baker,$3.404
2024-07-24,FL,Florida,Bay,$3.151
2024-07-24,FL,Florida,Bradford,$3.429
2024-07-24,FL,Florida,Brevard,$3.459
2024-07-24,FL,Florida,Broward,$3.477
2024-07-24,FL,Florida,Calhoun,$3.499
2024-07-24,FL,Florida,Charlotte,$3.455
2024-07-24,FL,Florida,Citrus,$3.498
2024-07-24,FL,Florida,Clay,$3.457
2024-07-24,FL,Florida,Collier,$3.506
2024-07-24,FL,Florida,Columbia,$3.484
2024-07-24,FL,Florida,De Soto,$3.513
2024-07-24,FL,Florida,Dixie,$3.479
2024-07-24,FL,Florida,Duval,$3.439
2024-07-24,FL,Florida,Escambia,$3.129
2024-07-24,FL,Florida,Flagler,$3.497
2024-07-24,FL,Florida,Franklin,$3.381
2024-07-24,FL,Florida,Gadsden,$3.384
2024-07-24,FL,Florida,Gilchrist,$3.462
2024-07-24,FL,Florida,Glades,$3.484
2024-07-24,FL,Florida,Gulf,$3.300
2024-07-24,FL,Florida,Hamilton,$3.525
2024-07-24,FL,Florida,Hardee,$3.536
2024-07-24,FL,Florida,Hendry,$3.542
2024-07-24,FL,Florida,Hernando,$3.493
2024-07-24,FL,Florida,Highlands,$3.465
2024-07-24,FL,Florida,Hillsborough,$3.489
2024-07-24,FL,Florida,Holmes,$3.309
2024-07-24,FL,Florida,Indian River,$3.473
2024-07-24,FL,Florida,Jackson,$3.230
2024-07-24,FL,Florida,Jefferson,$3.585
2024-07-24,FL,Florida,Lafayette,$3.512
2024-07-24,FL,Florida,Lake,$3.437
2024-07-24,FL,Florida,Lee,$3.478
2024-07-24,FL,Florida,Leon,$3.461
2024-07-24,FL,Florida,Levy,$3.536
2024-07-24,FL,Florida,Liberty,$3.499
2024-07-24,FL,Florida,Madison,$3.589
2024-07-24,FL,Florida,Manatee,$3.476
2024-07-24,FL,Florida,Marion,$3.494
2024-07-24,FL,Florida,Martin,$3.501
2024-07-24,FL,Florida,Miami-Dade,$3.432
2024-07-24,FL,Florida,Monroe,$3.652
2024-07-24,FL,Florida,Nassau,$3.518
2024-07-24,FL,Florida,Okaloosa,$3.132
2024-07-24,FL,Florida,Okeechobee,$3.471
2024-07-24,FL,Florida,Orange,$3.474
2024-07-24,FL,Florida,Osceola,$3.481
2024-07-24,FL,Florida,Palm Beach,$3.623
2024-07-24,FL,Florida,Pasco,$3.481
2024-07-24,FL,Florida,Pinellas,$3.481
2024-07-24,FL,Florida,Polk,$3.472
2024-07-24,FL,Florida,Putnam,$3.461
2024-07-24,FL,Florida,Santa Rosa,$3.198
2024-07-24,FL,Florida,Sarasota,$3.473
2024-07-24,FL,Florida,Seminole,$3.484
2024-07-24,FL,Florida,Saint Johns,$3.466
2024-07-24,FL,Florida,Saint Lucie,$3.473
2024-07-24,FL,Florida,Sumter,$3.493
2024-07-24,FL,Florida,Suwannee,$3.536
2024-07-24,FL,Florida,Taylor,$3.495
2024-07-24,FL,Florida,Union,$3.437
2024-07-24,FL,Florida,Volusia,$3.470
2024-07-24,FL,Florida,Wakulla,$3.400
2024-07-24,FL,Florida,Walton,$3.178
2024-07-24,FL,Florida,Washington,$3.281
2024-07-24,RI,Rhode Island,Bristol,$3.389
2024-07-24,RI,Rhode Island,Kent,$3.446
2024-07-24,RI,Rhode Island,Newport,$3.477
2024-07-24,RI,Rhode Island,Providence,$3.438
2024-07-24,RI,Rhode Island,Washington,$3.504
2024-07-24,WV,West Virginia,Barbour,$3.359
2024-07-24,WV,West Virginia,Berkeley,$3.493
2024-07-24,WV,West Virginia,Boone,$3.437
2024-07-24,WV,West Virginia,Braxton,$3.203
2024-07-24,WV,West Virginia,Brooke,$3.464
2024-07-24,WV,West Virginia,Cabell,$3.469
2024-07-24,WV,West Virginia,Calhoun,$3.479
2024-07-24,WV,West Virginia,Clay,$3.413
2024-07-24,WV,West Virginia,Doddridge,$3.537
2024-07-24,WV,West Virginia,Fayette,$3.461
2024-07-24,WV,West Virginia,Gilmer,$3.409
2024-07-24,WV,West Virginia,Grant,$3.499
2024-07-24,WV,West Virginia,Greenbrier,$3.231
2024-07-24,WV,West Virginia,Hampshire,$3.478
2024-07-24,WV,West Virginia,Hancock,$3.426
2024-07-24,WV,West Virginia,Hardy,$3.499
2024-07-24,WV,West Virginia,Harrison,$3.459
2024-07-24,WV,West Virginia,Jackson,$3.511
2024-07-24,WV,West Virginia,Jefferson,$3.534
2024-07-24,WV,West Virginia,Kanawha,$3.485
2024-07-24,WV,West Virginia,Lewis,$3.258
2024-07-24,WV,West Virginia,Lincoln,$3.399
2024-07-24,WV,West Virginia,Logan,$3.471
2024-07-24,WV,West Virginia,Marion,$3.408
2024-07-24,WV,West Virginia,Marshall,$3.279
2024-07-24,WV,West Virginia,Mason,$3.409
2024-07-24,WV,West Virginia,McDowell,$3.462
2024-07-24,WV,West Virginia,Mercer,$3.311
2024-07-24,WV,West Virginia,Mineral,$3.298
2024-07-24,WV,West Virginia,Mingo,$3.429
2024-07-24,WV,West Virginia,Monongalia,$3.469
2024-07-24,WV,West Virginia,Monroe,$3.299
2024-07-24,WV,West Virginia,Morgan,$3.419
2024-07-24,WV,West Virginia,Nicholas,$3.478
2024-07-24,WV,West Virginia,Ohio,$3.507
2024-07-24,WV,West Virginia,Pendleton,$3.599
2024-07-24,WV,West Virginia,Pleasants,$3.482
2024-07-24,WV,West Virginia,Pocahontas,$3.435
2024-07-24,WV,West Virginia,Preston,$3.506
2024-07-24,WV,West Virginia,Putnam,$3.489
2024-07-24,WV,West Virginia,Raleigh,$3.563
2024-07-24,WV,West Virginia,Randolph,$3.203
2024-07-24,WV,West Virginia,Ritchie,$3.402
2024-07-24,WV,West Virginia,Roane,$3.439
2024-07-24,WV,West Virginia,Summers,$3.422
2024-07-24,WV,West Virginia,Taylor,$3.327
2024-07-24,WV,West Virginia,Tucker,$3.599
2024-07-24,WV,West Virginia,Tyler,$3.549
2024-07-24,WV,West Virginia,Upshur,$3.338
2024-07-24,WV,West Virginia,Wayne,$3.440
2024-07-24,WV,West Virginia,Webster,$3.399
2024-07-24,WV,West Virginia,Wetzel,$3.377
2024-07-24,WV,West Virginia,Wirt,$3.399
2024-07-24,WV,West Virginia,Wood,$3.415
2024-07-24,WV,West Virginia,Wyoming,$3.405
2024-07-24,NJ,New Jersey,Atlantic,$3.380
2024-07-24,NJ,New Jersey,Bergen,$3.421
2024-07-24,NJ,New Jersey,Burlington,$3.335
2024-07-24,NJ,New Jersey,Camden,$3.330
2024-07-24,NJ,New Jersey,Cape May,$3.499
2024-07-24,NJ,New Jersey,Cumberland,$3.372
2024-07-24,NJ,New Jersey,Essex,$3.543
2024-07-24,NJ,New Jersey,Gloucester,$3.359
2024-07-24,NJ,New Jersey,Hudson,$3.475
2024-07-24,NJ,New Jersey,Hunterdon,$3.462
2024-07-24,NJ,New Jersey,Mercer,$3.425
2024-07-24,NJ,New Jersey,Middlesex,$3.406
2024-07-24,NJ,New Jersey,Monmouth,$3.453
2024-07-24,NJ,New Jersey,Morris,$3.446
2024-07-24,NJ,New Jersey,Ocean,$3.427
2024-07-24,NJ,New Jersey,Passaic,$3.414
2024-07-24,NJ,New Jersey,Salem,$3.369
2024-07-24,NJ,New Jersey,Somerset,$3.506
2024-07-24,NJ,New Jersey,Sussex,$3.417
2024-07-24,NJ,New Jersey,Union,$3.426
2024-07-24,NJ,New Jersey,Warren,$3.355
2024-07-24,NH,New Hampshire,Belknap,$3.418
2024-07-24,NH,New Hampshire,Carroll,$3.465
2024-07-24,NH,New Hampshire,Cheshire,$3.327
2024-07-24,NH,New Hampshire,Coos,$3.461
2024-07-24,NH,New Hampshire,Grafton,$3.467
2024-07-24,NH,New Hampshire,Hillsborough,$3.411
2024-07-24,NH,New Hampshire,Merrimack,$3.426
2024-07-24,NH,New Hampshire,Rockingham,$3.400
2024-07-24,NH,New Hampshire,Strafford,$3.454
2024-07-24,NH,New Hampshire,Sullivan,$3.334
2024-07-24,VA,Virginia,Accomack,$3.393
2024-07-24,VA,Virginia,Albemarle,$3.408
2024-07-24,VA,Virginia,Alexandria City,$3.564
2024-07-24,VA,Virginia,Alleghany,$3.329
2024-07-24,VA,Virginia,Amelia,$3.392
2024-07-24,VA,Virginia,Amherst,$3.435
2024-07-24,VA,Virginia,Appomattox,$3.245
2024-07-24,VA,Virginia,Arlington,$3.567
2024-07-24,VA,Virginia,Augusta,$3.436
2024-07-24,VA,Virginia,Bath,$3.484
2024-07-24,VA,Virginia,Bedford,$3.400
2024-07-24,VA,Virginia,Bedford City,$3.235
2024-07-24,VA,Virginia,Bland,$3.414
2024-07-24,VA,Virginia,Botetourt,$3.421
2024-07-24,VA,Virginia,Bristol,$3.270
2024-07-24,VA,Virginia,Brunswick,$3.407
2024-07-24,VA,Virginia,Buchanan,$3.455
2024-07-24,VA,Virginia,Buckingham,$3.432
2024-07-24,VA,Virginia,Buena Vista City,$3.374
2024-07-24,VA,Virginia,Campbell,$3.291
2024-07-24,VA,Virginia,Caroline,$3.364
2024-07-24,VA,Virginia,Carroll,$3.265
2024-07-24,VA,Virginia,Charles City,$3.419
2024-07-24,VA,Virginia,Charlotte,$3.389
2024-07-24,VA,Virginia,Charlottesville City,$3.467
2024-07-24,VA,Virginia,Chesapeake City,$3.345
2024-07-24,VA,Virginia,Chesterfield,$3.443
2024-07-24,VA,Virginia,Clarke,$3.514
2024-07-24,VA,Virginia,Clifton Forge City,$3.372
2024-07-24,VA,Virginia,Colonial Heights City,$3.408
2024-07-24,VA,Virginia,Covington City,$3.378
2024-07-24,VA,Virginia,Craig,$3.379
2024-07-24,VA,Virginia,Culpeper,$3.440
2024-07-24,VA,Virginia,Cumberland,$3.237
2024-07-24,VA,Virginia,Danville City,$3.355
2024-07-24,VA,Virginia,Dickenson,$3.286
2024-07-24,VA,Virginia,Dinwiddie,$3.342
2024-07-24,VA,Virginia,Emporia City,$3.294
2024-07-24,VA,Virginia,Essex,$3.313
2024-07-24,VA,Virginia,Fairfax,$3.584
2024-07-24,VA,Virginia,Fairfax City,$3.561
2024-07-24,VA,Virginia,Falls Church City,$3.493
2024-07-24,VA,Virginia,Fauquier,$3.551
2024-07-24,VA,Virginia,Floyd,$3.324
2024-07-24,VA,Virginia,Fluvanna,$3.496
2024-07-24,VA,Virginia,Franklin,$3.341
2024-07-24,VA,Virginia,Franklin City,$3.154
2024-07-24,VA,Virginia,Frederick,$3.475
2024-07-24,VA,Virginia,Fredericksburg City,$3.487
2024-07-24,VA,Virginia,Galax City,$3.320
2024-07-24,VA,Virginia,Giles,$3.355
2024-07-24,VA,Virginia,Gloucester,$3.202
2024-07-24,VA,Virginia,Goochland,$3.397
2024-07-24,VA,Virginia,Grayson,$3.176
2024-07-24,VA,Virginia,Greene,$3.479
2024-07-24,VA,Virginia,Greensville,$3.229
2024-07-24,VA,Virginia,Halifax,$3.467
2024-07-24,VA,Virginia,Hampton City,$3.337
2024-07-24,VA,Virginia,Hanover,$3.513
2024-07-24,VA,Virginia,Harrisonburg City,$3.477
2024-07-24,VA,Virginia,Henrico,$3.479
2024-07-24,VA,Virginia,Henry,$3.365
2024-07-24,VA,Virginia,Highland,$3.454
2024-07-24,VA,Virginia,Hopewell City,$3.364
2024-07-24,VA,Virginia,Isle of Wight,$3.389
2024-07-24,VA,Virginia,James City,$3.392
2024-07-24,VA,Virginia,King and Queen,$3.314
2024-07-24,VA,Virginia,King George,$3.469
2024-07-24,VA,Virginia,King William,$3.406
2024-07-24,VA,Virginia,Lancaster,$3.335
2024-07-24,VA,Virginia,Lee,$3.284
2024-07-24,VA,Virginia,Lexington City,$3.526
2024-07-24,VA,Virginia,Loudoun,$3.536
2024-07-24,VA,Virginia,Louisa,$3.487
2024-07-24,VA,Virginia,Lunenburg,$3.346
2024-07-24,VA,Virginia,Lynchburg City,$3.434
2024-07-24,VA,Virginia,Madison,$3.518
2024-07-24,VA,Virginia,Manassas City,$3.534
2024-07-24,VA,Virginia,Manassas Park City,
2024-07-24,VA,Virginia,Martinsville City,$3.337
2024-07-24,VA,Virginia,Mathews,$3.331
2024-07-24,VA,Virginia,Mecklenburg,$3.404
2024-07-24,VA,Virginia,Middlesex,$3.271
2024-07-24,VA,Virginia,Montgomery,$3.449
2024-07-24,VA,Virginia,Nelson,$3.435
2024-07-24,VA,Virginia,New Kent,$3.434
2024-07-24,VA,Virginia,Newport News City,$3.349
2024-07-24,VA,Virginia,Norfolk City,$3.362
2024-07-24,VA,Virginia,Northampton,$3.420
2024-07-24,VA,Virginia,Northumberland,$3.311
2024-07-24,VA,Virginia,Norton City,$3.231
2024-07-24,VA,Virginia,Nottoway,$3.420
2024-07-24,VA,Virginia,Orange,$3.470
2024-07-24,VA,Virginia,Page,$3.530
2024-07-24,VA,Virginia,Patrick,$3.287
2024-07-24,VA,Virginia,Petersburg City,$3.322
2024-07-24,VA,Virginia,Pittsylvania,$3.338
2024-07-24,VA,Virginia,Poquoson City,$3.474
2024-07-24,VA,Virginia,Portsmouth City,$3.379
2024-07-24,VA,Virginia,Powhatan,$3.402
2024-07-24,VA,Virginia,Prince Edward,$3.396
2024-07-24,VA,Virginia,Prince George,$3.325
2024-07-24,VA,Virginia,Prince William,$3.521
2024-07-24,VA,Virginia,Pulaski,$3.284
2024-07-24,VA,Virginia,Radford City,$3.416
2024-07-24,VA,Virginia,Rappahannock,$3.509
2024-07-24,VA,Virginia,Richmond,$3.349
2024-07-24,VA,Virginia,Richmond City,$3.474
2024-07-24,VA,Virginia,Roanoke,$3.347
2024-07-24,VA,Virginia,Roanoke City,$3.302
2024-07-24,VA,Virginia,Rockbridge,$3.380
2024-07-24,VA,Virginia,Rockingham,$3.511
2024-07-24,VA,Virginia,Russell,$3.267
2024-07-24,VA,Virginia,Salem,$3.403
2024-07-24,VA,Virginia,Scott,$3.185
2024-07-24,VA,Virginia,Shenandoah,$3.530
2024-07-24,VA,Virginia,Smyth,$3.286
2024-07-24,VA,Virginia,Southampton,$3.204
2024-07-24,VA,Virginia,Spotsylvania,$3.428
2024-07-24,VA,Virginia,Stafford,$3.449
2024-07-24,VA,Virginia,Staunton City,$3.433
2024-07-24,VA,Virginia,Suffolk City,$3.289
2024-07-24,VA,Virginia,Surry,$3.316
2024-07-24,VA,Virginia,Sussex,$3.362
2024-07-24,VA,Virginia,Tazewell,$3.222
2024-07-24,VA,Virginia,Virginia Beach City,$3.361
2024-07-24,VA,Virginia,Warren,$3.357
2024-07-24,VA,Virginia,Washington,$3.285
2024-07-24,VA,Virginia,Waynesboro City,$3.437
2024-07-24,VA,Virginia,Westmoreland,$3.405
2024-07-24,VA,Virginia,Williamsburg City,
2024-07-24,VA,Virginia,Winchester City,$3.491
2024-07-24,VA,Virginia,Wise,$3.261
2024-07-24,VA,Virginia,Wythe,$3.237
2024-07-24,VA,Virginia,York,$3.264
2024-07-24,DE,Delaware,Kent,$3.400
2024-07-24,DE,Delaware,New castle,$3.401
2024-07-24,DE,Delaware,Sussex,$3.392
2024-07-24,ND,North Dakota,Adams,$3.494
2024-07-24,ND,North Dakota,Barnes,$3.189
2024-07-24,ND,North Dakota,Benson,$3.349
2024-07-24,ND,North Dakota,Billings,$3.209
2024-07-24,ND,North Dakota,Bottineau,$3.499
2024-07-24,ND,North Dakota,Bowman,$3.574
2024-07-24,ND,North Dakota,Burke,$3.436
2024-07-24,ND,North Dakota,Burleigh,$3.468
2024-07-24,ND,North Dakota,Cass,$3.214
2024-07-24,ND,North Dakota,Cavalier,$3.344
2024-07-24,ND,North Dakota,Dickey,$3.199
2024-07-24,ND,North Dakota,Divide,$3.496
2024-07-24,ND,North Dakota,Dunn,$3.657
2024-07-24,ND,North Dakota,Eddy,$3.349
2024-07-24,ND,North Dakota,Emmons,$3.466
2024-07-24,ND,North Dakota,Foster,$3.241
2024-07-24,ND,North Dakota,Golden Valley,$3.449
2024-07-24,ND,North Dakota,Grand Forks,$3.254
2024-07-24,ND,North Dakota,Grant,$3.599
2024-07-24,ND,North Dakota,Griggs,$3.279
2024-07-24,ND,North Dakota,Hettinger,$3.499
2024-07-24,ND,North Dakota,Kidder,$3.385
2024-07-24,ND,North Dakota,LaMoure,$3.324
2024-07-24,ND,North Dakota,Logan,$3.399
2024-07-24,ND,North Dakota,McHenry,$3.502
2024-07-24,ND,North Dakota,McIntosh,$3.449
2024-07-24,ND,North Dakota,McKenzie,$3.600
2024-07-24,ND,North Dakota,McLean,$3.429
2024-07-24,ND,North Dakota,Mercer,$3.442
2024-07-24,ND,North Dakota,Morton,$3.455
2024-07-24,ND,North Dakota,Mountrail,$3.550
2024-07-24,ND,North Dakota,Nelson,$3.306
2024-07-24,ND,North Dakota,Oliver,$3.399
2024-07-24,ND,North Dakota,Pembina,$3.299
2024-07-24,ND,North Dakota,Pierce,$3.499
2024-07-24,ND,North Dakota,Ramsey,$3.369
2024-07-24,ND,North Dakota,Ransom,$3.243
2024-07-24,ND,North Dakota,Renville,$3.512
2024-07-24,ND,North Dakota,Richland,$3.262
2024-07-24,ND,North Dakota,Rolette,$3.542
2024-07-24,ND,North Dakota,Sargent,$3.311
2024-07-24,ND,North Dakota,Sheridan,$3.499
2024-07-24,ND,North Dakota,Sioux,$3.399
2024-07-24,ND,North Dakota,Slope,
2024-07-24,ND,North Dakota,Stark,$3.539
2024-07-24,ND,North Dakota,Steele,$3.382
2024-07-24,ND,North Dakota,Stutsman,$3.337
2024-07-24,ND,North Dakota,Towner,$3.444
2024-07-24,ND,North Dakota,Traill,$3.275
2024-07-24,ND,North Dakota,Walsh,$3.305
2024-07-24,ND,North Dakota,Ward,$3.483
2024-07-24,ND,North Dakota,Wells,$3.374
2024-07-24,ND,North Dakota,Williams,$3.488
2024-07-24,GA,Georgia,Appling,$3.298
2024-07-24,GA,Georgia,Atkinson,$3.339
2024-07-24,GA,Georgia,Bacon,$3.393
2024-07-24,GA,Georgia,Bibb,$3.317
2024-07-24,GA,Georgia,Bulloch,$3.320
2024-07-24,GA,Georgia,Baldwin,$3.323
2024-07-24,GA,Georgia,Brantley,$3.399
2024-07-24,GA,Georgia,Ben Hill,$3.314
2024-07-24,GA,Georgia,Berrien,$3.283
2024-07-24,GA,Georgia,Baker,$3.409
2024-07-24,GA,Georgia,Bleckley,$3.441
2024-07-24,GA,Georgia,Banks,$3.348
2024-07-24,GA,Georgia,Brooks,$3.406
2024-07-24,GA,Georgia,Bryan,$3.389
2024-07-24,GA,Georgia,Butts,$3.291
2024-07-24,GA,Georgia,Bartow,$3.286
2024-07-24,GA,Georgia,Burke,$3.304
2024-07-24,GA,Georgia,Barrow,$3.343
2024-07-24,GA,Georgia,Chatham,$3.428
2024-07-24,GA,Georgia,Cobb,$3.417
2024-07-24,GA,Georgia,Chattahoochee,$3.299
2024-07-24,GA,Georgia,Crawford,$3.504
2024-07-24,GA,Georgia,Cherokee,$3.364
2024-07-24,GA,Georgia,Coffee,$3.377
2024-07-24,GA,Georgia,Chattooga,$3.198
2024-07-24,GA,Georgia,Charlton,$3.388
2024-07-24,GA,Georgia,Clinch,$3.395
2024-07-24,GA,Georgia,Clarke,$3.328
2024-07-24,GA,Georgia,Calhoun,$3.499
2024-07-24,GA,Georgia,Camden,$3.372
2024-07-24,GA,Georgia,Candler,$3.430
2024-07-24,GA,Georgia,Cook,$3.420
2024-07-24,GA,Georgia,Crisp,$3.248
2024-07-24,GA,Georgia,Colquitt,$3.297
2024-07-24,GA,Georgia,Carroll,$3.302
2024-07-24,GA,Georgia,Catoosa,$3.206
2024-07-24,GA,Georgia,Clayton,$3.378
2024-07-24,GA,Georgia,Columbia,$3.305
2024-07-24,GA,Georgia,Coweta,$3.402
2024-07-24,GA,Georgia,Clay,$3.366
2024-07-24,GA,Georgia,Dade,$3.201
2024-07-24,GA,Georgia,Decatur,$3.295
2024-07-24,GA,Georgia,Douglas,$3.380
2024-07-24,GA,Georgia,DeKalb,$3.397
2024-07-24,GA,Georgia,Dooly,$3.338
2024-07-24,GA,Georgia,Dodge,$3.476
2024-07-24,GA,Georgia,Dougherty,$3.281
2024-07-24,GA,Georgia,Dawson,$3.407
2024-07-24,GA,Georgia,Early,$3.461
2024-07-24,GA,Georgia,Echols,$3.359
2024-07-24,GA,Georgia,Effingham,$3.354
2024-07-24,GA,Georgia,Elbert,$3.209
2024-07-24,GA,Georgia,Emanuel,$3.475
2024-07-24,GA,Georgia,Evans,$3.298
2024-07-24,GA,Georgia,Fannin,$3.363
2024-07-24,GA,Georgia,Floyd,$3.269
2024-07-24,GA,Georgia,Forsyth,$3.390
2024-07-24,GA,Georgia,Franklin,$3.404
2024-07-24,GA,Georgia,Fulton,$3.516
2024-07-24,GA,Georgia,Fayette,$3.404
2024-07-24,GA,Georgia,Greene,$3.488
2024-07-24,GA,Georgia,Gilmer,$3.327
2024-07-24,GA,Georgia,Glascock,$3.244
2024-07-24,GA,Georgia,Gordon,$3.288
2024-07-24,GA,Georgia,Grady,$3.341
2024-07-24,GA,Georgia,Gwinnett,$3.330
2024-07-24,GA,Georgia,Glynn,$3.361
2024-07-24,GA,Georgia,Habersham,$3.327
2024-07-24,GA,Georgia,Heard,$3.462
2024-07-24,GA,Georgia,Harris,$3.361
2024-07-24,GA,Georgia,Hall,$3.342
2024-07-24,GA,Georgia,Hancock,$3.444
2024-07-24,GA,Georgia,Houston,$3.255
2024-07-24,GA,Georgia,Haralson,$3.242
2024-07-24,GA,Georgia,Hart,$3.251
2024-07-24,GA,Georgia,Henry,$3.334
2024-07-24,GA,Georgia,Irwin,$3.369
2024-07-24,GA,Georgia,Jackson,$3.340
2024-07-24,GA,Georgia,Jeff Davis,$3.344
2024-07-24,GA,Georgia,Jefferson,$3.383
2024-07-24,GA,Georgia,Jenkins,$3.374
2024-07-24,GA,Georgia,Jones,$3.299
2024-07-24,GA,Georgia,Johnson,$3.374
2024-07-24,GA,Georgia,Jasper,$3.335
2024-07-24,GA,Georgia,Lamar,$3.270
2024-07-24,GA,Georgia,Lincoln,$3.339
2024-07-24,GA,Georgia,Lee,$3.300
2024-07-24,GA,Georgia,Liberty,$3.327
2024-07-24,GA,Georgia,Lanier,$3.216
2024-07-24,GA,Georgia,Long,$3.449
2024-07-24,GA,Georgia,Lumpkin,$3.433
2024-07-24,GA,Georgia,Laurens,$3.296
2024-07-24,GA,Georgia,Lowndes,$3.336
2024-07-24,GA,Georgia,Macon,$3.406
2024-07-24,GA,Georgia,Mcduffie,$3.345
2024-07-24,GA,Georgia,Madison,$3.367
2024-07-24,GA,Georgia,Meriwether,$3.375
2024-07-24,GA,Georgia,Montgomery,$3.327
2024-07-24,GA,Georgia,Mcintosh,$3.368
2024-07-24,GA,Georgia,Miller,$3.511
2024-07-24,GA,Georgia,Morgan,$3.301
2024-07-24,GA,Georgia,Monroe,$3.362
2024-07-24,GA,Georgia,Marion,$3.299
2024-07-24,GA,Georgia,Muscogee,$3.287
2024-07-24,GA,Georgia,Mitchell,$3.409
2024-07-24,GA,Georgia,Murray,$3.216
2024-07-24,GA,Georgia,Newton,$3.350
2024-07-24,GA,Georgia,Oconee,$3.397
2024-07-24,GA,Georgia,Oglethorpe,$3.426
2024-07-24,GA,Georgia,Peach,$3.326
2024-07-24,GA,Georgia,Pickens,$3.295
2024-07-24,GA,Georgia,Paulding,$3.390
2024-07-24,GA,Georgia,Pierce,$3.452
2024-07-24,GA,Georgia,Pike,$3.407
2024-07-24,GA,Georgia,Pulaski,$3.488
2024-07-24,GA,Georgia,Polk,$3.330
2024-07-24,GA,Georgia,Putnam,$3.387
2024-07-24,GA,Georgia,Quitman,$3.179
2024-07-24,GA,Georgia,Randolph,$3.299
2024-07-24,GA,Georgia,Rabun,$3.357
2024-07-24,GA,Georgia,Richmond,$3.314
2024-07-24,GA,Georgia,Rockdale,$3.393
2024-07-24,GA,Georgia,Schley,$3.139
2024-07-24,GA,Georgia,Stephens,$3.270
2024-07-24,GA,Georgia,Seminole,$3.354
2024-07-24,GA,Georgia,Spalding,$3.405
2024-07-24,GA,Georgia,Screven,$3.386
2024-07-24,GA,Georgia,Stewart,$3.379
2024-07-24,GA,Georgia,Sumter,$3.262
2024-07-24,GA,Georgia,Taliaferro,$3.419
2024-07-24,GA,Georgia,Talbot,$3.393
2024-07-24,GA,Georgia,Treutlen,$3.349
2024-07-24,GA,Georgia,Telfair,$3.461
2024-07-24,GA,Georgia,Thomas,$3.390
2024-07-24,GA,Georgia,Tift,$3.333
2024-07-24,GA,Georgia,Terrell,$3.304
2024-07-24,GA,Georgia,Toombs,$3.367
2024-07-24,GA,Georgia,Towns,$3.195
2024-07-24,GA,Georgia,Troup,$3.322
2024-07-24,GA,Georgia,Tattnall,$3.347
2024-07-24,GA,Georgia,Turner,$3.329
2024-07-24,GA,Georgia,Twiggs,$3.394
2024-07-24,GA,Georgia,Taylor,$3.426
2024-07-24,GA,Georgia,Union,$3.273
2024-07-24,GA,Georgia,Upson,$3.359
2024-07-24,GA,Georgia,Ware,$3.370
2024-07-24,GA,Georgia,Wilcox,$3.299
2024-07-24,GA,Georgia,Wheeler,$3.559
2024-07-24,GA,Georgia,Washington,$3.227
2024-07-24,GA,Georgia,Whitfield,$3.291
2024-07-24,GA,Georgia,Wilkinson,$3.368
2024-07-24,GA,Georgia,Walker,$3.153
2024-07-24,GA,Georgia,Wilkes,$3.395
2024-07-24,GA,Georgia,Walton,$3.303
2024-07-24,GA,Georgia,Worth,$3.381
2024-07-24,GA,Georgia,Warren,$3.391
2024-07-24,GA,Georgia,Webster,$3.299
2024-07-24,GA,Georgia,White,$3.389
2024-07-24,GA,Georgia,Wayne,$3.378
2024-07-24,CO,Colorado,Adams,$3.287
2024-07-24,CO,Colorado,Alamosa,$3.421
2024-07-24,CO,Colorado,Arapahoe,$3.286
2024-07-24,CO,Colorado,Archuleta,$3.739
2024-07-24,CO,Colorado,Baca,$3.386
2024-07-24,CO,Colorado,Bent,$3.216
2024-07-24,CO,Colorado,Boulder,$3.389
2024-07-24,CO,Colorado,Broomfield,$3.281
2024-07-24,CO,Colorado,Chaffee,$3.533
2024-07-24,CO,Colorado,Cheyenne,$3.249
2024-07-24,CO,Colorado,Clear Creek,$3.388
2024-07-24,CO,Colorado,Conejos,$3.372
2024-07-24,CO,Colorado,Costilla,$3.466
2024-07-24,CO,Colorado,Crowley,$3.279
2024-07-24,CO,Colorado,Custer,$3.499
2024-07-24,CO,Colorado,Delta,$3.321
2024-07-24,CO,Colorado,Denver,$3.324
2024-07-24,CO,Colorado,Dolores,$3.799
2024-07-24,CO,Colorado,Douglas,$3.378
2024-07-24,CO,Colorado,Eagle,$3.659
2024-07-24,CO,Colorado,El Paso,$3.287
2024-07-24,CO,Colorado,Elbert,$3.204
2024-07-24,CO,Colorado,Fremont,$3.273
2024-07-24,CO,Colorado,Garfield,$3.547
2024-07-24,CO,Colorado,Gilpin,$3.549
2024-07-24,CO,Colorado,Grand,$3.559
2024-07-24,CO,Colorado,Gunnison,$3.465
2024-07-24,CO,Colorado,Hinsdale,$4.174
2024-07-24,CO,Colorado,Huerfano,$3.380
2024-07-24,CO,Colorado,Jackson,$3.599
2024-07-24,CO,Colorado,Jefferson,$3.281
2024-07-24,CO,Colorado,Kiowa,$3.242
2024-07-24,CO,Colorado,Kit Carson,$3.340
2024-07-24,CO,Colorado,La Plata,$3.793
2024-07-24,CO,Colorado,Lake,$3.599
2024-07-24,CO,Colorado,Larimer,$3.326
2024-07-24,CO,Colorado,Las Animas,$3.370
2024-07-24,CO,Colorado,Lincoln,$3.149
2024-07-24,CO,Colorado,Logan,$3.349
2024-07-24,CO,Colorado,Mesa,$3.281
2024-07-24,CO,Colorado,Mineral,$3.649
2024-07-24,CO,Colorado,Moffat,$3.499
2024-07-24,CO,Colorado,Montezuma,$3.700
2024-07-24,CO,Colorado,Montrose,$3.404
2024-07-24,CO,Colorado,Morgan,$3.383
2024-07-24,CO,Colorado,Otero,$3.282
2024-07-24,CO,Colorado,Ouray,$3.726
2024-07-24,CO,Colorado,Park,$3.506
2024-07-24,CO,Colorado,Phillips,$3.534
2024-07-24,CO,Colorado,Pitkin,$4.647
2024-07-24,CO,Colorado,Prowers,$3.135
2024-07-24,CO,Colorado,Pueblo,$3.301
2024-07-24,CO,Colorado,Rio Blanco,$3.592
2024-07-24,CO,Colorado,Rio Grande,$3.426
2024-07-24,CO,Colorado,Routt,$3.745
2024-07-24,CO,Colorado,Saguache,$3.462
2024-07-24,CO,Colorado,San Juan,$3.899
2024-07-24,CO,Colorado,San Miguel,$3.866
2024-07-24,CO,Colorado,Sedgwick,$3.286
2024-07-24,CO,Colorado,Summit,$3.632
2024-07-24,CO,Colorado,Teller,$3.375
2024-07-24,CO,Colorado,Washington,$3.281
2024-07-24,CO,Colorado,Weld,$3.312
2024-07-24,CO,Colorado,Yuma,$3.411
2024-07-24,NC,North Carolina,Alamance,$3.320
2024-07-24,NC,North Carolina,Alexander,$3.178
2024-07-24,NC,North Carolina,Alleghany,$3.220
2024-07-24,NC,North Carolina,Anson,$3.380
2024-07-24,NC,North Carolina,Ashe,$3.277
2024-07-24,NC,North Carolina,Avery,$3.259
2024-07-24,NC,North Carolina,Beaufort,$3.324
2024-07-24,NC,North Carolina,Bertie,$3.285
2024-07-24,NC,North Carolina,Bladen,$3.196
2024-07-24,NC,North Carolina,Brunswick,$3.213
2024-07-24,NC,North Carolina,Buncombe,$3.296
2024-07-24,NC,North Carolina,Burke,$3.160
2024-07-24,NC,North Carolina,Cabarrus,$3.333
2024-07-24,NC,North Carolina,Caldwell,$3.188
2024-07-24,NC,North Carolina,Camden,$3.276
2024-07-24,NC,North Carolina,Carteret,$3.422
2024-07-24,NC,North Carolina,Caswell,$3.387
2024-07-24,NC,North Carolina,Catawba,$3.281
2024-07-24,NC,North Carolina,Chatham,$3.421
2024-07-24,NC,North Carolina,Cherokee,$3.352
2024-07-24,NC,North Carolina,Chowan,$3.381
2024-07-24,NC,North Carolina,Clay,$3.199
2024-07-24,NC,North Carolina,Cleveland,$3.270
2024-07-24,NC,North Carolina,Columbus,$3.201
2024-07-24,NC,North Carolina,Craven,$3.212
2024-07-24,NC,North Carolina,Cumberland,$3.380
2024-07-24,NC,North Carolina,Currituck,$3.256
2024-07-24,NC,North Carolina,Dare,$3.373
2024-07-24,NC,North Carolina,Davidson,$3.269
2024-07-24,NC,North Carolina,Davie,$3.285
2024-07-24,NC,North Carolina,Duplin,$3.388
2024-07-24,NC,North Carolina,Durham,$3.525
2024-07-24,NC,North Carolina,Edgecombe,$3.385
2024-07-24,NC,North Carolina,Forsyth,$3.292
2024-07-24,NC,North Carolina,Franklin,$3.429
2024-07-24,NC,North Carolina,Gaston,$3.297
2024-07-24,NC,North Carolina,Gates,$3.387
2024-07-24,NC,North Carolina,Graham,$3.399
2024-07-24,NC,North Carolina,Granville,$3.438
2024-07-24,NC,North Carolina,Greene,$3.409
2024-07-24,NC,North Carolina,Guilford,$3.373
2024-07-24,NC,North Carolina,Halifax,$3.379
2024-07-24,NC,North Carolina,Harnett,$3.344
2024-07-24,NC,North Carolina,Haywood,$3.335
2024-07-24,NC,North Carolina,Henderson,$3.334
2024-07-24,NC,North Carolina,Hertford,$3.208
2024-07-24,NC,North Carolina,Hoke,$3.410
2024-07-24,NC,North Carolina,Hyde,$3.539
2024-07-24,NC,North Carolina,Iredell,$3.280
2024-07-24,NC,North Carolina,Jackson,$3.391
2024-07-24,NC,North Carolina,Johnston,$3.415
2024-07-24,NC,North Carolina,Jones,$3.379
2024-07-24,NC,North Carolina,Lee,$3.290
2024-07-24,NC,North Carolina,Lenoir,$3.277
2024-07-24,NC,North Carolina,Lincoln,$3.244
2024-07-24,NC,North Carolina,Macon,$3.336
2024-07-24,NC,North Carolina,Madison,$3.499
2024-07-24,NC,North Carolina,Martin,$3.267
2024-07-24,NC,North Carolina,McDowell,$3.172
2024-07-24,NC,North Carolina,Mecklenburg,$3.353
2024-07-24,NC,North Carolina,Mitchell,$3.173
2024-07-24,NC,North Carolina,Montgomery,$3.327
2024-07-24,NC,North Carolina,Moore,$3.450
2024-07-24,NC,North Carolina,Nash,$3.468
2024-07-24,NC,North Carolina,New Hanover,$3.401
2024-07-24,NC,North Carolina,Northampton,$3.338
2024-07-24,NC,North Carolina,Onslow,$3.279
2024-07-24,NC,North Carolina,Orange,$3.483
2024-07-24,NC,North Carolina,Pamlico,$3.474
2024-07-24,NC,North Carolina,Pasquotank,$3.261
2024-07-24,NC,North Carolina,Pender,$3.157
2024-07-24,NC,North Carolina,Perquimans,$3.381
2024-07-24,NC,North Carolina,Person,$3.342
2024-07-24,NC,North Carolina,Pitt,$3.340
2024-07-24,NC,North Carolina,Polk,$3.413
2024-07-24,NC,North Carolina,Randolph,$3.295
2024-07-24,NC,North Carolina,Richmond,$3.287
2024-07-24,NC,North Carolina,Robeson,$3.235
2024-07-24,NC,North Carolina,Rockingham,$3.261
2024-07-24,NC,North Carolina,Rowan,$3.316
2024-07-24,NC,North Carolina,Rutherford,$3.232
2024-07-24,NC,North Carolina,Sampson,$3.199
2024-07-24,NC,North Carolina,Scotland,$3.215
2024-07-24,NC,North Carolina,Stanly,$3.316
2024-07-24,NC,North Carolina,Stokes,$3.287
2024-07-24,NC,North Carolina,Surry,$3.285
2024-07-24,NC,North Carolina,Swain,$3.379
2024-07-24,NC,North Carolina,Transylvania,$3.401
2024-07-24,NC,North Carolina,Tyrrell,$3.381
2024-07-24,NC,North Carolina,Union,$3.327
2024-07-24,NC,North Carolina,Vance,$3.466
2024-07-24,NC,North Carolina,Wake,$3.429
2024-07-24,NC,North Carolina,Warren,$3.466
2024-07-24,NC,North Carolina,Washington,$3.026
2024-07-24,NC,North Carolina,Watauga,$3.180
2024-07-24,NC,North Carolina,Wayne,$3.343
2024-07-24,NC,North Carolina,Wilkes,$3.235
2024-07-24,NC,North Carolina,Wilson,$3.275
2024-07-24,NC,North Carolina,Yadkin,$3.193
2024-07-24,NC,North Carolina,Yancey,$3.192
2024-07-24,WY,Wyoming,Albany,$3.345
2024-07-24,WY,Wyoming,Big Horn,$3.488
2024-07-24,WY,Wyoming,Campbell,$3.308
2024-07-24,WY,Wyoming,Carbon,$3.254
2024-07-24,WY,Wyoming,Converse,$3.244
2024-07-24,WY,Wyoming,Crook,$3.450
2024-07-24,WY,Wyoming,Fremont,$3.273
2024-07-24,WY,Wyoming,Goshen,$3.086
2024-07-24,WY,Wyoming,Hot Springs,$3.362
2024-07-24,WY,Wyoming,Johnson,$3.405
2024-07-24,WY,Wyoming,Laramie,$3.159
2024-07-24,WY,Wyoming,Lincoln,$3.475
2024-07-24,WY,Wyoming,Natrona,$3.058
2024-07-24,WY,Wyoming,Niobrara,$3.464
2024-07-24,WY,Wyoming,Park,$3.670
2024-07-24,WY,Wyoming,Platte,$3.628
2024-07-24,WY,Wyoming,Sheridan,$3.262
2024-07-24,WY,Wyoming,Sublette,$3.479
2024-07-24,WY,Wyoming,Sweetwater,$3.248
2024-07-24,WY,Wyoming,Teton,$3.851
2024-07-24,WY,Wyoming,Uinta,$3.310
2024-07-24,WY,Wyoming,Washakie,$3.394
2024-07-24,WY,Wyoming,Weston,$3.243
2024-07-24,KY,Kentucky,Adair,$3.319
2024-07-24,KY,Kentucky,Allen,$3.143
2024-07-24,KY,Kentucky,Anderson,$3.155
2024-07-24,KY,Kentucky,Ballard,$3.163
2024-07-24,KY,Kentucky,Barren,$3.314
2024-07-24,KY,Kentucky,Bath,$3.369
2024-07-24,KY,Kentucky,Bell,$3.002
2024-07-24,KY,Kentucky,Boone,$3.454
2024-07-24,KY,Kentucky,Bourbon,$3.367
2024-07-24,KY,Kentucky,Boyd,$3.350
2024-07-24,KY,Kentucky,Boyle,$3.126
2024-07-24,KY,Kentucky,Bracken,$3.221
2024-07-24,KY,Kentucky,Breathitt,$3.275
2024-07-24,KY,Kentucky,Breckinridge,$3.196
2024-07-24,KY,Kentucky,Bullitt,$3.356
2024-07-24,KY,Kentucky,Butler,$3.199
2024-07-24,KY,Kentucky,Caldwell,$3.176
2024-07-24,KY,Kentucky,Calloway,$3.118
2024-07-24,KY,Kentucky,Campbell,$3.434
2024-07-24,KY,Kentucky,Carlisle,$3.199
2024-07-24,KY,Kentucky,Carroll,$3.418
2024-07-24,KY,Kentucky,Carter,$3.158
2024-07-24,KY,Kentucky,Casey,$3.295
2024-07-24,KY,Kentucky,Christian,$3.172
2024-07-24,KY,Kentucky,Clark,$3.361
2024-07-24,KY,Kentucky,Clay,$3.388
2024-07-24,KY,Kentucky,Clinton,$3.309
2024-07-24,KY,Kentucky,Crittenden,$3.169
2024-07-24,KY,Kentucky,Cumberland,$3.209
2024-07-24,KY,Kentucky,Daviess,$2.995
2024-07-24,KY,Kentucky,Edmonson,$3.179
2024-07-24,KY,Kentucky,Elliott,$3.299
2024-07-24,KY,Kentucky,Estill,$3.384
2024-07-24,KY,Kentucky,Fayette,$3.368
2024-07-24,KY,Kentucky,Fleming,$3.178
2024-07-24,KY,Kentucky,Floyd,$3.338
2024-07-24,KY,Kentucky,Franklin,$3.319
2024-07-24,KY,Kentucky,Fulton,$3.115
2024-07-24,KY,Kentucky,Gallatin,$3.348
2024-07-24,KY,Kentucky,Garrard,$3.069
2024-07-24,KY,Kentucky,Grant,$3.417
2024-07-24,KY,Kentucky,Graves,$3.090
2024-07-24,KY,Kentucky,Grayson,$3.265
2024-07-24,KY,Kentucky,Green,$3.241
2024-07-24,KY,Kentucky,Greenup,$3.334
2024-07-24,KY,Kentucky,Hancock,$3.195
2024-07-24,KY,Kentucky,Hardin,$3.192
2024-07-24,KY,Kentucky,Harlan,$3.309
2024-07-24,KY,Kentucky,Harrison,$3.397
2024-07-24,KY,Kentucky,Hart,$3.230
2024-07-24,KY,Kentucky,Henderson,$3.141
2024-07-24,KY,Kentucky,Henry,$3.374
2024-07-24,KY,Kentucky,Hickman,$3.099
2024-07-24,KY,Kentucky,Hopkins,$3.113
2024-07-24,KY,Kentucky,Jackson,$3.259
2024-07-24,KY,Kentucky,Jefferson,$3.801
2024-07-24,KY,Kentucky,Jessamine,$3.204
2024-07-24,KY,Kentucky,Johnson,$3.409
2024-07-24,KY,Kentucky,Kenton,$3.466
2024-07-24,KY,Kentucky,Knott,$3.114
2024-07-24,KY,Kentucky,Knox,$3.132
2024-07-24,KY,Kentucky,Larue,$3.172
2024-07-24,KY,Kentucky,Laurel,$3.235
2024-07-24,KY,Kentucky,Lawrence,$3.327
2024-07-24,KY,Kentucky,Lee,$3.479
2024-07-24,KY,Kentucky,Leslie,$3.299
2024-07-24,KY,Kentucky,Letcher,$3.350
2024-07-24,KY,Kentucky,Lewis,$3.130
2024-07-24,KY,Kentucky,Lincoln,$3.145
2024-07-24,KY,Kentucky,Livingston,$3.227
2024-07-24,KY,Kentucky,Logan,$3.084
2024-07-24,KY,Kentucky,Lyon,$3.239
2024-07-24,KY,Kentucky,Madison,$3.357
2024-07-24,KY,Kentucky,Magoffin,$3.627
2024-07-24,KY,Kentucky,Marion,$3.232
2024-07-24,KY,Kentucky,Marshall,$3.122
2024-07-24,KY,Kentucky,Martin,$3.245
2024-07-24,KY,Kentucky,Mason,$3.325
2024-07-24,KY,Kentucky,McCracken,$3.145
2024-07-24,KY,Kentucky,McCreary,$3.308
2024-07-24,KY,Kentucky,McLean,$3.142
2024-07-24,KY,Kentucky,Meade,$3.113
2024-07-24,KY,Kentucky,Menifee,$3.382
2024-07-24,KY,Kentucky,Mercer,$3.144
2024-07-24,KY,Kentucky,Metcalfe,$3.229
2024-07-24,KY,Kentucky,Monroe,$3.266
2024-07-24,KY,Kentucky,Montgomery,$3.129
2024-07-24,KY,Kentucky,Morgan,$3.159
2024-07-24,KY,Kentucky,Muhlenberg,$3.085
2024-07-24,KY,Kentucky,Nelson,$3.141
2024-07-24,KY,Kentucky,Nicholas,$3.327
2024-07-24,KY,Kentucky,Ohio,$3.134
2024-07-24,KY,Kentucky,Oldham,$3.691
2024-07-24,KY,Kentucky,Owen,$3.331
2024-07-24,KY,Kentucky,Owsley,$3.399
2024-07-24,KY,Kentucky,Pendleton,$3.587
2024-07-24,KY,Kentucky,Perry,$3.281
2024-07-24,KY,Kentucky,Pike,$3.375
2024-07-24,KY,Kentucky,Powell,$3.271
2024-07-24,KY,Kentucky,Pulaski,$3.339
2024-07-24,KY,Kentucky,Robertson,$3.279
2024-07-24,KY,Kentucky,Rockcastle,$3.437
2024-07-24,KY,Kentucky,Rowan,$3.205
2024-07-24,KY,Kentucky,Russell,$3.289
2024-07-24,KY,Kentucky,Scott,$3.362
2024-07-24,KY,Kentucky,Shelby,$3.326
2024-07-24,KY,Kentucky,Simpson,$2.923
2024-07-24,KY,Kentucky,Spencer,$3.157
2024-07-24,KY,Kentucky,Taylor,$3.232
2024-07-24,KY,Kentucky,Todd,$3.125
2024-07-24,KY,Kentucky,Trigg,$3.250
2024-07-24,KY,Kentucky,Trimble,$3.367
2024-07-24,KY,Kentucky,Union,$3.204
2024-07-24,KY,Kentucky,Warren,$3.273
2024-07-24,KY,Kentucky,Washington,$3.259
2024-07-24,KY,Kentucky,Wayne,$3.313
2024-07-24,KY,Kentucky,Webster,$3.126
2024-07-24,KY,Kentucky,Whitley,$3.169
2024-07-24,KY,Kentucky,Wolfe,$3.353
2024-07-24,KY,Kentucky,Woodford,$3.368
2024-07-24,MN,Minnesota,Aitkin,$3.249
2024-07-24,MN,Minnesota,Anoka,$3.313
2024-07-24,MN,Minnesota,Becker,$3.370
2024-07-24,MN,Minnesota,Beltrami,$3.297
2024-07-24,MN,Minnesota,Benton,$3.300
2024-07-24,MN,Minnesota,Big Stone,$3.154
2024-07-24,MN,Minnesota,Blue Earth,$3.309
2024-07-24,MN,Minnesota,Brown,$3.319
2024-07-24,MN,Minnesota,Carlton,$3.193
2024-07-24,MN,Minnesota,Carver,$3.343
2024-07-24,MN,Minnesota,Cass,$3.243
2024-07-24,MN,Minnesota,Chippewa,$3.339
2024-07-24,MN,Minnesota,Chisago,$3.361
2024-07-24,MN,Minnesota,Clay,$3.268
2024-07-24,MN,Minnesota,Clearwater,$3.282
2024-07-24,MN,Minnesota,Cook,$3.387
2024-07-24,MN,Minnesota,Cottonwood,$3.261
2024-07-24,MN,Minnesota,Crow Wing,$3.238
2024-07-24,MN,Minnesota,Dakota,$3.354
2024-07-24,MN,Minnesota,Dodge,$3.409
2024-07-24,MN,Minnesota,Douglas,$3.342
2024-07-24,MN,Minnesota,Faribault,$3.348
2024-07-24,MN,Minnesota,Fillmore,$3.377
2024-07-24,MN,Minnesota,Freeborn,$3.198
2024-07-24,MN,Minnesota,Goodhue,$3.339
2024-07-24,MN,Minnesota,Grant,$3.230
2024-07-24,MN,Minnesota,Hennepin,$3.378
2024-07-24,MN,Minnesota,Houston,$3.294
2024-07-24,MN,Minnesota,Hubbard,$3.307
2024-07-24,MN,Minnesota,Isanti,$3.294
2024-07-24,MN,Minnesota,Itasca,$3.180
2024-07-24,MN,Minnesota,Jackson,$3.227
2024-07-24,MN,Minnesota,Kanabec,$3.306
2024-07-24,MN,Minnesota,Kandiyohi,$3.336
2024-07-24,MN,Minnesota,Kittson,$3.224
2024-07-24,MN,Minnesota,Koochiching,$3.268
2024-07-24,MN,Minnesota,Lac Qui Parle,$3.297
2024-07-24,MN,Minnesota,Lake,$3.279
2024-07-24,MN,Minnesota,Lake of the Woods,$3.299
2024-07-24,MN,Minnesota,Le Sueur,$3.360
2024-07-24,MN,Minnesota,Lincoln,$3.165
2024-07-24,MN,Minnesota,Lyon,$3.191
2024-07-24,MN,Minnesota,Mahnomen,$3.409
2024-07-24,MN,Minnesota,Marshall,$3.245
2024-07-24,MN,Minnesota,Martin,$3.339
2024-07-24,MN,Minnesota,McLeod,$3.374
2024-07-24,MN,Minnesota,Meeker,$3.422
2024-07-24,MN,Minnesota,Mille Lacs,$3.354
2024-07-24,MN,Minnesota,Morrison,$3.251
2024-07-24,MN,Minnesota,Mower,$3.319
2024-07-24,MN,Minnesota,Murray,$3.161
2024-07-24,MN,Minnesota,Nicollet,$3.364
2024-07-24,MN,Minnesota,Nobles,$3.199
2024-07-24,MN,Minnesota,Norman,$3.311
2024-07-24,MN,Minnesota,Olmsted,$3.347
2024-07-24,MN,Minnesota,Otter Tail,$3.283
2024-07-24,MN,Minnesota,Pennington,$3.135
2024-07-24,MN,Minnesota,Pine,$3.348
2024-07-24,MN,Minnesota,Pipestone,$3.119
2024-07-24,MN,Minnesota,Polk,$3.292
2024-07-24,MN,Minnesota,Pope,$3.035
2024-07-24,MN,Minnesota,Ramsey,$3.348
2024-07-24,MN,Minnesota,Red Lake,$3.279
2024-07-24,MN,Minnesota,Redwood,$3.267
2024-07-24,MN,Minnesota,Renville,$3.354
2024-07-24,MN,Minnesota,Rice,$3.271
2024-07-24,MN,Minnesota,Rock,$3.046
2024-07-24,MN,Minnesota,Roseau,$3.298
2024-07-24,MN,Minnesota,Scott,$3.349
2024-07-24,MN,Minnesota,Sherburne,$3.335
2024-07-24,MN,Minnesota,Sibley,$3.246
2024-07-24,MN,Minnesota,Saint Louis,$3.207
2024-07-24,MN,Minnesota,Stearns,$3.245
2024-07-24,MN,Minnesota,Steele,$3.344
2024-07-24,MN,Minnesota,Stevens,$3.285
2024-07-24,MN,Minnesota,Swift,$3.272
2024-07-24,MN,Minnesota,Todd,$3.195
2024-07-24,MN,Minnesota,Traverse,$3.232
2024-07-24,MN,Minnesota,Wabasha,$3.265
2024-07-24,MN,Minnesota,Wadena,$3.275
2024-07-24,MN,Minnesota,Waseca,$3.146
2024-07-24,MN,Minnesota,Washington,$3.306
2024-07-24,MN,Minnesota,Watonwan,$3.278
2024-07-24,MN,Minnesota,Wilkin,$3.203
2024-07-24,MN,Minnesota,Winona,$3.302
2024-07-24,MN,Minnesota,Wright,$3.335
2024-07-24,MN,Minnesota,Yellow Medicine,$3.296
2024-07-24,IA,Iowa,Adair,$3.409
2024-07-24,IA,Iowa,Adams,$3.249
2024-07-24,IA,Iowa,Allamakee,$3.413
2024-07-24,IA,Iowa,Appanoose,$3.210
2024-07-24,IA,Iowa,Audubon,$3.244
2024-07-24,IA,Iowa,Benton,$3.159
2024-07-24,IA,Iowa,Black Hawk,$3.329
2024-07-24,IA,Iowa,Boone,$3.150
2024-07-24,IA,Iowa,Bremer,$3.399
2024-07-24,IA,Iowa,Buchanan,$3.362
2024-07-24,IA,Iowa,Buena Vista,$3.290
2024-07-24,IA,Iowa,Butler,$3.377
2024-07-24,IA,Iowa,Calhoun,$3.265
2024-07-24,IA,Iowa,Carroll,$3.296
2024-07-24,IA,Iowa,Cass,$3.281
2024-07-24,IA,Iowa,Cedar,$3.326
2024-07-24,IA,Iowa,Cerro Gordo,$3.353
2024-07-24,IA,Iowa,Cherokee,$3.273
2024-07-24,IA,Iowa,Chickasaw,$3.387
2024-07-24,IA,Iowa,Clarke,$3.281
2024-07-24,IA,Iowa,Clay,$3.189
2024-07-24,IA,Iowa,Clayton,$3.364
2024-07-24,IA,Iowa,Clinton,$3.326
2024-07-24,IA,Iowa,Crawford,$3.460
2024-07-24,IA,Iowa,Dallas,$3.343
2024-07-24,IA,Iowa,Davis,$3.296
2024-07-24,IA,Iowa,Decatur,$3.379
2024-07-24,IA,Iowa,Delaware,$3.359
2024-07-24,IA,Iowa,Des Moines,$3.310
2024-07-24,IA,Iowa,Dickinson,$3.242
2024-07-24,IA,Iowa,Dubuque,$3.422
2024-07-24,IA,Iowa,Emmet,$3.297
2024-07-24,IA,Iowa,Fayette,$3.328
2024-07-24,IA,Iowa,Floyd,$3.310
2024-07-24,IA,Iowa,Franklin,$3.479
2024-07-24,IA,Iowa,Fremont,$3.227
2024-07-24,IA,Iowa,Greene,$3.258
2024-07-24,IA,Iowa,Grundy,$3.327
2024-07-24,IA,Iowa,Guthrie,$3.358
2024-07-24,IA,Iowa,Hamilton,$3.211
2024-07-24,IA,Iowa,Hancock,$3.309
2024-07-24,IA,Iowa,Hardin,$3.387
2024-07-24,IA,Iowa,Harrison,$3.362
2024-07-24,IA,Iowa,Henry,$2.966
2024-07-24,IA,Iowa,Howard,$3.399
2024-07-24,IA,Iowa,Humboldt,$3.311
2024-07-24,IA,Iowa,Ida,$3.299
2024-07-24,IA,Iowa,Iowa,$3.254
2024-07-24,IA,Iowa,Jackson,$3.384
2024-07-24,IA,Iowa,Jasper,$3.311
2024-07-24,IA,Iowa,Jefferson,$3.151
2024-07-24,IA,Iowa,Johnson,$3.225
2024-07-24,IA,Iowa,Jones,$3.301
2024-07-24,IA,Iowa,Keokuk,$3.256
2024-07-24,IA,Iowa,Kossuth,$3.235
2024-07-24,IA,Iowa,Lee,$3.292
2024-07-24,IA,Iowa,Linn,$3.344
2024-07-24,IA,Iowa,Louisa,$3.372
2024-07-24,IA,Iowa,Lucas,$3.384
2024-07-24,IA,Iowa,Lyon,$3.134
2024-07-24,IA,Iowa,Madison,$3.396
2024-07-24,IA,Iowa,Mahaska,$3.268
2024-07-24,IA,Iowa,Marion,$3.264
2024-07-24,IA,Iowa,Marshall,$3.292
2024-07-24,IA,Iowa,Mills,$3.218
2024-07-24,IA,Iowa,Mitchell,$3.356
2024-07-24,IA,Iowa,Monona,$3.282
2024-07-24,IA,Iowa,Monroe,$3.353
2024-07-24,IA,Iowa,Montgomery,$3.299
2024-07-24,IA,Iowa,Muscatine,$3.189
2024-07-24,IA,Iowa,O'Brien,
2024-07-24,IA,Iowa,Osceola,$3.266
2024-07-24,IA,Iowa,Page,$3.369
2024-07-24,IA,Iowa,Palo Alto,$3.282
2024-07-24,IA,Iowa,Plymouth,$3.393
2024-07-24,IA,Iowa,Pocahontas,$3.283
2024-07-24,IA,Iowa,Polk,$3.269
2024-07-24,IA,Iowa,Pottawattamie,$3.247
2024-07-24,IA,Iowa,Poweshiek,$3.230
2024-07-24,IA,Iowa,Ringgold,$3.192
2024-07-24,IA,Iowa,Sac,$3.269
2024-07-24,IA,Iowa,Scott,$3.093
2024-07-24,IA,Iowa,Shelby,$3.282
2024-07-24,IA,Iowa,Sioux,$3.286
2024-07-24,IA,Iowa,Story,$3.338
2024-07-24,IA,Iowa,Tama,$3.436
2024-07-24,IA,Iowa,Taylor,$3.345
2024-07-24,IA,Iowa,Union,$3.389
2024-07-24,IA,Iowa,Van Buren,$3.281
2024-07-24,IA,Iowa,Wapello,$3.114
2024-07-24,IA,Iowa,Warren,$3.309
2024-07-24,IA,Iowa,Washington,$3.162
2024-07-24,IA,Iowa,Wayne,$3.445
2024-07-24,IA,Iowa,Webster,$3.065
2024-07-24,IA,Iowa,Winnebago,$3.352
2024-07-24,IA,Iowa,Winneshiek,$3.472
2024-07-24,IA,Iowa,Woodbury,$3.250
2024-07-24,IA,Iowa,Worth,$3.164
2024-07-24,IA,Iowa,Wright,$3.332
2024-07-24,NE,Nebraska,Adams,$3.213
2024-07-24,NE,Nebraska,Antelope,$3.338
2024-07-24,NE,Nebraska,Arthur,
2024-07-24,NE,Nebraska,Banner,
2024-07-24,NE,Nebraska,Blaine,$3.209
2024-07-24,NE,Nebraska,Boone,$3.146
2024-07-24,NE,Nebraska,Box Butte,$3.223
2024-07-24,NE,Nebraska,Boyd,$3.199
2024-07-24,NE,Nebraska,Brown,$3.379
2024-07-24,NE,Nebraska,Buffalo,$3.307
2024-07-24,NE,Nebraska,Burt,$3.522
2024-07-24,NE,Nebraska,Butler,$3.132
2024-07-24,NE,Nebraska,Cass,$3.296
2024-07-24,NE,Nebraska,Cedar,$3.301
2024-07-24,NE,Nebraska,Chase,$3.619
2024-07-24,NE,Nebraska,Cherry,$3.379
2024-07-24,NE,Nebraska,Cheyenne,$3.145
2024-07-24,NE,Nebraska,Clay,$3.252
2024-07-24,NE,Nebraska,Colfax,$3.146
2024-07-24,NE,Nebraska,Cuming,$3.332
2024-07-24,NE,Nebraska,Custer,$3.429
2024-07-24,NE,Nebraska,Dakota,$3.387
2024-07-24,NE,Nebraska,Dawes,$3.379
2024-07-24,NE,Nebraska,Dawson,$3.215
2024-07-24,NE,Nebraska,Deuel,$3.119
2024-07-24,NE,Nebraska,Dixon,$3.144
2024-07-24,NE,Nebraska,Dodge,$3.239
2024-07-24,NE,Nebraska,Douglas,$3.248
2024-07-24,NE,Nebraska,Dundy,$3.359
2024-07-24,NE,Nebraska,Fillmore,$3.225
2024-07-24,NE,Nebraska,Franklin,$3.399
2024-07-24,NE,Nebraska,Frontier,$3.384
2024-07-24,NE,Nebraska,Furnas,$3.324
2024-07-24,NE,Nebraska,Gage,$3.387
2024-07-24,NE,Nebraska,Garden,
2024-07-24,NE,Nebraska,Garfield,$3.199
2024-07-24,NE,Nebraska,Gosper,$3.209
2024-07-24,NE,Nebraska,Grant,$3.269
2024-07-24,NE,Nebraska,Greeley,$3.122
2024-07-24,NE,Nebraska,Hall,$3.119
2024-07-24,NE,Nebraska,Hamilton,$3.172
2024-07-24,NE,Nebraska,Harlan,$3.472
2024-07-24,NE,Nebraska,Hayes,
2024-07-24,NE,Nebraska,Hitchcock,$3.459
2024-07-24,NE,Nebraska,Holt,$3.197
2024-07-24,NE,Nebraska,Hooker,$3.299
2024-07-24,NE,Nebraska,Howard,$3.099
2024-07-24,NE,Nebraska,Jefferson,$3.284
2024-07-24,NE,Nebraska,Johnson,$3.209
2024-07-24,NE,Nebraska,Kearney,$3.299
2024-07-24,NE,Nebraska,Keith,$3.228
2024-07-24,NE,Nebraska,Keya Paha,$3.799
2024-07-24,NE,Nebraska,Kimball,$3.473
2024-07-24,NE,Nebraska,Knox,$3.252
2024-07-24,NE,Nebraska,Lancaster,$3.311
2024-07-24,NE,Nebraska,Lincoln,$3.540
2024-07-24,NE,Nebraska,Logan,$3.349
2024-07-24,NE,Nebraska,Loup,$3.649
2024-07-24,NE,Nebraska,Madison,$3.155
2024-07-24,NE,Nebraska,McPherson,
2024-07-24,NE,Nebraska,Merrick,$3.344
2024-07-24,NE,Nebraska,Morrill,$3.412
2024-07-24,NE,Nebraska,Nance,$3.194
2024-07-24,NE,Nebraska,Nemaha,$3.229
2024-07-24,NE,Nebraska,Nuckolls,$3.199
2024-07-24,NE,Nebraska,Otoe,$3.242
2024-07-24,NE,Nebraska,Pawnee,$3.299
2024-07-24,NE,Nebraska,Perkins,$3.233
2024-07-24,NE,Nebraska,Phelps,$3.339
2024-07-24,NE,Nebraska,Pierce,$3.149
2024-07-24,NE,Nebraska,Platte,$3.186
2024-07-24,NE,Nebraska,Polk,$3.232
2024-07-24,NE,Nebraska,Red Willow,$3.274
2024-07-24,NE,Nebraska,Richardson,$3.225
2024-07-24,NE,Nebraska,Rock,$3.299
2024-07-24,NE,Nebraska,Saline,$3.229
2024-07-24,NE,Nebraska,Sarpy,$3.254
2024-07-24,NE,Nebraska,Saunders,$3.413
2024-07-24,NE,Nebraska,Scotts Bluff,$3.210
2024-07-24,NE,Nebraska,Seward,$3.346
2024-07-24,NE,Nebraska,Sheridan,$3.299
2024-07-24,NE,Nebraska,Sherman,$3.599
2024-07-24,NE,Nebraska,Sioux,
2024-07-24,NE,Nebraska,Stanton,$3.179
2024-07-24,NE,Nebraska,Thayer,$3.292
2024-07-24,NE,Nebraska,Thomas,$3.669
2024-07-24,NE,Nebraska,Thurston,$3.279
2024-07-24,NE,Nebraska,Valley,$3.199
2024-07-24,NE,Nebraska,Washington,$3.250
2024-07-24,NE,Nebraska,Wayne,$3.199
2024-07-24,NE,Nebraska,Webster,$3.382
2024-07-24,NE,Nebraska,Wheeler,$3.649
2024-07-24,NE,Nebraska,York,$3.205
2024-07-24,SD,South Dakota,Aurora,$3.329
2024-07-24,SD,South Dakota,Beadle,$3.147
2024-07-24,SD,South Dakota,Bennett,$3.464
2024-07-24,SD,South Dakota,Bon Homme,$3.009
2024-07-24,SD,South Dakota,Brookings,$3.153
2024-07-24,SD,South Dakota,Brown,$3.288
2024-07-24,SD,South Dakota,Brule,$3.395
2024-07-24,SD,South Dakota,Buffalo,$3.299
2024-07-24,SD,South Dakota,Butte,$3.606
2024-07-24,SD,South Dakota,Campbell,$3.709
2024-07-24,SD,South Dakota,Charles Mix,$3.081
2024-07-24,SD,South Dakota,Clark,$3.436
2024-07-24,SD,South Dakota,Clay,$3.082
2024-07-24,SD,South Dakota,Codington,$3.293
2024-07-24,SD,South Dakota,Corson,$4.039
2024-07-24,SD,South Dakota,Custer,$3.566
2024-07-24,SD,South Dakota,Davison,$3.153
2024-07-24,SD,South Dakota,Day,$3.289
2024-07-24,SD,South Dakota,Deuel,$3.229
2024-07-24,SD,South Dakota,Dewey,$3.537
2024-07-24,SD,South Dakota,Douglas,$3.499
2024-07-24,SD,South Dakota,Edmunds,$3.232
2024-07-24,SD,South Dakota,Fall River,$3.372
2024-07-24,SD,South Dakota,Faulk,$3.614
2024-07-24,SD,South Dakota,Grant,$3.205
2024-07-24,SD,South Dakota,Gregory,$3.229
2024-07-24,SD,South Dakota,Haakon,$3.347
2024-07-24,SD,South Dakota,Hamlin,$3.199
2024-07-24,SD,South Dakota,Hand,$3.424
2024-07-24,SD,South Dakota,Hanson,$2.949
2024-07-24,SD,South Dakota,Harding,$3.474
2024-07-24,SD,South Dakota,Hughes,$3.360
2024-07-24,SD,South Dakota,Hutchinson,$3.151
2024-07-24,SD,South Dakota,Hyde,$3.399
2024-07-24,SD,South Dakota,Jackson,$3.417
2024-07-24,SD,South Dakota,Jerauld,$3.399
2024-07-24,SD,South Dakota,Jones,$3.199
2024-07-24,SD,South Dakota,Kingsbury,$3.127
2024-07-24,SD,South Dakota,Lake,$3.112
2024-07-24,SD,South Dakota,Lawrence,$3.521
2024-07-24,SD,South Dakota,Lincoln,$3.003
2024-07-24,SD,South Dakota,Lyman,$3.534
2024-07-24,SD,South Dakota,Marshall,
2024-07-24,SD,South Dakota,McCook,$3.026
2024-07-24,SD,South Dakota,McPherson,$3.449
2024-07-24,SD,South Dakota,Meade,$3.658
2024-07-24,SD,South Dakota,Mellette,$3.299
2024-07-24,SD,South Dakota,Miner,
2024-07-24,SD,South Dakota,Minnehaha,$2.959
2024-07-24,SD,South Dakota,Moody,$3.406
2024-07-24,SD,South Dakota,Pennington,$3.506
2024-07-24,SD,South Dakota,Perkins,$3.447
2024-07-24,SD,South Dakota,Potter,$3.396
2024-07-24,SD,South Dakota,Roberts,$3.312
2024-07-24,SD,South Dakota,Sanborn,$3.342
2024-07-24,SD,South Dakota,Shannon,$3.419
2024-07-24,SD,South Dakota,Spink,$3.221
2024-07-24,SD,South Dakota,Stanley,$3.347
2024-07-24,SD,South Dakota,Sully,$3.849
2024-07-24,SD,South Dakota,Todd,$3.499
2024-07-24,SD,South Dakota,Tripp,$3.266
2024-07-24,SD,South Dakota,Turner,$3.067
2024-07-24,SD,South Dakota,Union,$3.204
2024-07-24,SD,South Dakota,Walworth,$3.359
2024-07-24,SD,South Dakota,Yankton,$3.253
2024-07-24,SD,South Dakota,Ziebach,$3.449
2024-07-24,NM,New Mexico,Bernalillo,$3.194
2024-07-24,NM,New Mexico,Catron,$3.705
2024-07-24,NM,New Mexico,Chaves,$3.165
2024-07-24,NM,New Mexico,Cibola,$3.298
2024-07-24,NM,New Mexico,Colfax,$3.374
2024-07-24,NM,New Mexico,Curry,$3.214
2024-07-24,NM,New Mexico,De Baca,$3.199
2024-07-24,NM,New Mexico,Dona Ana,$3.222
2024-07-24,NM,New Mexico,Eddy,$3.174
2024-07-24,NM,New Mexico,Grant,$3.501
2024-07-24,NM,New Mexico,Guadalupe,$3.307
2024-07-24,NM,New Mexico,Harding,$4.289
2024-07-24,NM,New Mexico,Hidalgo,$3.336
2024-07-24,NM,New Mexico,Lea,$3.166
2024-07-24,NM,New Mexico,Lincoln,$3.371
2024-07-24,NM,New Mexico,Los Alamos,$3.229
2024-07-24,NM,New Mexico,Luna,$3.341
2024-07-24,NM,New Mexico,McKinley,$3.276
2024-07-24,NM,New Mexico,Mora,$3.249
2024-07-24,NM,New Mexico,Otero,$2.908
2024-07-24,NM,New Mexico,Quay,$3.201
2024-07-24,NM,New Mexico,Rio Arriba,$3.145
2024-07-24,NM,New Mexico,Roosevelt,$3.244
2024-07-24,NM,New Mexico,San Juan,$3.485
2024-07-24,NM,New Mexico,San Miguel,$3.153
2024-07-24,NM,New Mexico,Sandoval,$3.116
2024-07-24,NM,New Mexico,Santa Fe,$3.063
2024-07-24,NM,New Mexico,Sierra,$3.391
2024-07-24,NM,New Mexico,Socorro,$3.211
2024-07-24,NM,New Mexico,Taos,$3.280
2024-07-24,NM,New Mexico,Torrance,$3.329
2024-07-24,NM,New Mexico,Union,$3.171
2024-07-24,NM,New Mexico,Valencia,$3.108
2024-07-24,SC,South Carolina,Abbeville,$3.151
2024-07-24,SC,South Carolina,Aiken,$3.280
2024-07-24,SC,South Carolina,Allendale,$3.379
2024-07-24,SC,South Carolina,Anderson,$3.156
2024-07-24,SC,South Carolina,Bamberg,$3.286
2024-07-24,SC,South Carolina,Barnwell,$3.250
2024-07-24,SC,South Carolina,Beaufort,$3.285
2024-07-24,SC,South Carolina,Berkeley,$3.253
2024-07-24,SC,South Carolina,Calhoun,$3.393
2024-07-24,SC,South Carolina,Charleston,$3.276
2024-07-24,SC,South Carolina,Cherokee,$3.150
2024-07-24,SC,South Carolina,Chester,$3.261
2024-07-24,SC,South Carolina,Chesterfield,$3.206
2024-07-24,SC,South Carolina,Clarendon,$3.313
2024-07-24,SC,South Carolina,Colleton,$3.333
2024-07-24,SC,South Carolina,Darlington,$3.275
2024-07-24,SC,South Carolina,Dillon,$3.152
2024-07-24,SC,South Carolina,Dorchester,$3.276
2024-07-24,SC,South Carolina,Edgefield,$3.185
2024-07-24,SC,South Carolina,Fairfield,$3.353
2024-07-24,SC,South Carolina,Florence,$3.232
2024-07-24,SC,South Carolina,Georgetown,$3.279
2024-07-24,SC,South Carolina,Greenville,$3.182
2024-07-24,SC,South Carolina,Greenwood,$3.166
2024-07-24,SC,South Carolina,Hampton,$3.341
2024-07-24,SC,South Carolina,Horry,$3.211
2024-07-24,SC,South Carolina,Jasper,$3.326
2024-07-24,SC,South Carolina,Kershaw,$3.221
2024-07-24,SC,South Carolina,Lancaster,$3.213
2024-07-24,SC,South Carolina,Laurens,$3.140
2024-07-24,SC,South Carolina,Lee,$3.342
2024-07-24,SC,South Carolina,Lexington,$3.190
2024-07-24,SC,South Carolina,Marion,$3.201
2024-07-24,SC,South Carolina,Marlboro,$3.179
2024-07-24,SC,South Carolina,McCormick,$3.216
2024-07-24,SC,South Carolina,Newberry,$3.269
2024-07-24,SC,South Carolina,Oconee,$3.134
2024-07-24,SC,South Carolina,Orangeburg,$3.283
2024-07-24,SC,South Carolina,Pickens,$3.115
2024-07-24,SC,South Carolina,Richland,$3.194
2024-07-24,SC,South Carolina,Saluda,$3.245
2024-07-24,SC,South Carolina,Spartanburg,$3.218
2024-07-24,SC,South Carolina,Sumter,$3.263
2024-07-24,SC,South Carolina,Union,$3.125
2024-07-24,SC,South Carolina,Williamsburg,$3.240
2024-07-24,SC,South Carolina,York,$3.107
2024-07-24,MO,Missouri,Adair,$3.273
2024-07-24,MO,Missouri,Andrew,$3.093
2024-07-24,MO,Missouri,Atchison,$3.299
2024-07-24,MO,Missouri,Audrain,$3.344
2024-07-24,MO,Missouri,Barry,$3.144
2024-07-24,MO,Missouri,Barton,$3.146
2024-07-24,MO,Missouri,Bates,$3.202
2024-07-24,MO,Missouri,Benton,$3.114
2024-07-24,MO,Missouri,Bollinger,$3.133
2024-07-24,MO,Missouri,Boone,$3.367
2024-07-24,MO,Missouri,Buchanan,$3.076
2024-07-24,MO,Missouri,Butler,$3.103
2024-07-24,MO,Missouri,Caldwell,$3.239
2024-07-24,MO,Missouri,Callaway,$3.363
2024-07-24,MO,Missouri,Camden,$3.211
2024-07-24,MO,Missouri,Cape Girardeau,$3.119
2024-07-24,MO,Missouri,Carroll,$3.183
2024-07-24,MO,Missouri,Carter,$3.195
2024-07-24,MO,Missouri,Cass,$3.070
2024-07-24,MO,Missouri,Cedar,$3.259
2024-07-24,MO,Missouri,Chariton,$3.270
2024-07-24,MO,Missouri,Christian,$3.179
2024-07-24,MO,Missouri,Clark,$2.994
2024-07-24,MO,Missouri,Clay,$2.994
2024-07-24,MO,Missouri,Clinton,$3.118
2024-07-24,MO,Missouri,Cole,$3.369
2024-07-24,MO,Missouri,Cooper,$3.205
2024-07-24,MO,Missouri,Crawford,$3.276
2024-07-24,MO,Missouri,Dade,$3.129
2024-07-24,MO,Missouri,Dallas,$3.216
2024-07-24,MO,Missouri,Daviess,$3.073
2024-07-24,MO,Missouri,DeKalb,$3.149
2024-07-24,MO,Missouri,Dent,$3.286
2024-07-24,MO,Missouri,Douglas,$3.194
2024-07-24,MO,Missouri,Dunklin,$3.129
2024-07-24,MO,Missouri,Franklin,$3.264
2024-07-24,MO,Missouri,Gasconade,$3.252
2024-07-24,MO,Missouri,Gentry,$3.222
2024-07-24,MO,Missouri,Greene,$3.158
2024-07-24,MO,Missouri,Grundy,$3.183
2024-07-24,MO,Missouri,Harrison,$3.060
2024-07-24,MO,Missouri,Henry,$3.094
2024-07-24,MO,Missouri,Hickory,$3.205
2024-07-24,MO,Missouri,Holt,$3.135
2024-07-24,MO,Missouri,Howard,$3.267
2024-07-24,MO,Missouri,Howell,$3.104
2024-07-24,MO,Missouri,Iron,$3.209
2024-07-24,MO,Missouri,Jackson,$3.064
2024-07-24,MO,Missouri,Jasper,$3.077
2024-07-24,MO,Missouri,Jefferson,$3.292
2024-07-24,MO,Missouri,Johnson,$3.165
2024-07-24,MO,Missouri,Knox,$3.099
2024-07-24,MO,Missouri,Laclede,$3.162
2024-07-24,MO,Missouri,Lafayette,$3.097
2024-07-24,MO,Missouri,Lawrence,$3.189
2024-07-24,MO,Missouri,Lewis,$3.180
2024-07-24,MO,Missouri,Lincoln,$3.347
2024-07-24,MO,Missouri,Linn,$3.231
2024-07-24,MO,Missouri,Livingston,$3.238
2024-07-24,MO,Missouri,Macon,$3.236
2024-07-24,MO,Missouri,Madison,$3.035
2024-07-24,MO,Missouri,Maries,$3.283
2024-07-24,MO,Missouri,Marion,$3.180
2024-07-24,MO,Missouri,McDonald,$3.105
2024-07-24,MO,Missouri,Mercer,$3.071
2024-07-24,MO,Missouri,Miller,$3.352
2024-07-24,MO,Missouri,Mississippi,$3.008
2024-07-24,MO,Missouri,Moniteau,$3.388
2024-07-24,MO,Missouri,Monroe,$3.253
2024-07-24,MO,Missouri,Montgomery,$3.313
2024-07-24,MO,Missouri,Morgan,$3.311
2024-07-24,MO,Missouri,New Madrid,$3.142
2024-07-24,MO,Missouri,Newton,$3.100
2024-07-24,MO,Missouri,Nodaway,$3.219
2024-07-24,MO,Missouri,Oregon,$3.174
2024-07-24,MO,Missouri,Osage,$3.382
2024-07-24,MO,Missouri,Ozark,$3.274
2024-07-24,MO,Missouri,Pemiscot,$3.128
2024-07-24,MO,Missouri,Perry,$3.150
2024-07-24,MO,Missouri,Pettis,$3.262
2024-07-24,MO,Missouri,Phelps,$3.196
2024-07-24,MO,Missouri,Pike,$3.325
2024-07-24,MO,Missouri,Platte,$3.044
2024-07-24,MO,Missouri,Polk,$3.248
2024-07-24,MO,Missouri,Pulaski,$3.159
2024-07-24,MO,Missouri,Putnam,$3.189
2024-07-24,MO,Missouri,Ralls,$3.278
2024-07-24,MO,Missouri,Randolph,$3.280
2024-07-24,MO,Missouri,Ray,$3.114
2024-07-24,MO,Missouri,Reynolds,$3.329
2024-07-24,MO,Missouri,Ripley,$3.107
2024-07-24,MO,Missouri,Saline,$3.274
2024-07-24,MO,Missouri,Schuyler,$3.135
2024-07-24,MO,Missouri,Scotland,$3.219
2024-07-24,MO,Missouri,Scott,$3.162
2024-07-24,MO,Missouri,Shannon,$3.231
2024-07-24,MO,Missouri,Shelby,$3.279
2024-07-24,MO,Missouri,Saint Charles,$3.310
2024-07-24,MO,Missouri,Saint Clair,$3.123
2024-07-24,MO,Missouri,Saint Francois,$3.195
2024-07-24,MO,Missouri,Saint Louis,$3.350
2024-07-24,MO,Missouri,Saint Louis City,$3.345
2024-07-24,MO,Missouri,Sainte Genevieve,$3.204
2024-07-24,MO,Missouri,Stoddard,$3.187
2024-07-24,MO,Missouri,Stone,$3.180
2024-07-24,MO,Missouri,Sullivan,$3.299
2024-07-24,MO,Missouri,Taney,$3.230
2024-07-24,MO,Missouri,Texas,$3.107
2024-07-24,MO,Missouri,Vernon,$3.130
2024-07-24,MO,Missouri,Warren,$3.265
2024-07-24,MO,Missouri,Washington,$3.083
2024-07-24,MO,Missouri,Wayne,$3.285
2024-07-24,MO,Missouri,Webster,$3.153
2024-07-24,MO,Missouri,Worth,$3.209
2024-07-24,MO,Missouri,Wright,$3.167
2024-07-24,KS,Kansas,Allen,$3.280
2024-07-24,KS,Kansas,Anderson,$3.049
2024-07-24,KS,Kansas,Atchison,$3.242
2024-07-24,KS,Kansas,Barber,$3.171
2024-07-24,KS,Kansas,Barton,$3.161
2024-07-24,KS,Kansas,Bourbon,$3.295
2024-07-24,KS,Kansas,Brown,$3.096
2024-07-24,KS,Kansas,Butler,$3.336
2024-07-24,KS,Kansas,Chase,$3.129
2024-07-24,KS,Kansas,Chautauqua,$3.106
2024-07-24,KS,Kansas,Cherokee,$3.160
2024-07-24,KS,Kansas,Cheyenne,$3.281
2024-07-24,KS,Kansas,Clark,$3.099
2024-07-24,KS,Kansas,Clay,$3.115
2024-07-24,KS,Kansas,Cloud,$3.149
2024-07-24,KS,Kansas,Coffey,$3.140
2024-07-24,KS,Kansas,Comanche,$3.099
2024-07-24,KS,Kansas,Cowley,$3.210
2024-07-24,KS,Kansas,Crawford,$3.277
2024-07-24,KS,Kansas,Decatur,$3.109
2024-07-24,KS,Kansas,Dickinson,$2.980
2024-07-24,KS,Kansas,Doniphan,$3.089
2024-07-24,KS,Kansas,Douglas,$3.080
2024-07-24,KS,Kansas,Edwards,$3.099
2024-07-24,KS,Kansas,Elk,$3.159
2024-07-24,KS,Kansas,Ellis,$3.054
2024-07-24,KS,Kansas,Ellsworth,$3.253
2024-07-24,KS,Kansas,Finney,$3.058
2024-07-24,KS,Kansas,Ford,$3.027
2024-07-24,KS,Kansas,Franklin,$3.102
2024-07-24,KS,Kansas,Geary,$3.073
2024-07-24,KS,Kansas,Gove,$3.162
2024-07-24,KS,Kansas,Graham,$3.189
2024-07-24,KS,Kansas,Grant,$3.106
2024-07-24,KS,Kansas,Gray,$3.043
2024-07-24,KS,Kansas,Greeley,$3.299
2024-07-24,KS,Kansas,Greenwood,$3.239
2024-07-24,KS,Kansas,Hamilton,$3.132
2024-07-24,KS,Kansas,Harper,$3.257
2024-07-24,KS,Kansas,Harvey,$3.235
2024-07-24,KS,Kansas,Haskell,$3.117
2024-07-24,KS,Kansas,Hodgeman,$3.032
2024-07-24,KS,Kansas,Jackson,$3.131
2024-07-24,KS,Kansas,Jefferson,$3.116
2024-07-24,KS,Kansas,Jewell,$3.159
2024-07-24,KS,Kansas,Johnson,$3.100
2024-07-24,KS,Kansas,Kearny,$3.014
2024-07-24,KS,Kansas,Kingman,$3.187
2024-07-24,KS,Kansas,Kiowa,$3.173
2024-07-24,KS,Kansas,Labette,$3.294
2024-07-24,KS,Kansas,Lane,$3.056
2024-07-24,KS,Kansas,Leavenworth,$3.031
2024-07-24,KS,Kansas,Lincoln,$3.649
2024-07-24,KS,Kansas,Linn,$3.196
2024-07-24,KS,Kansas,Logan,$3.099
2024-07-24,KS,Kansas,Lyon,$3.090
2024-07-24,KS,Kansas,Marion,$3.118
2024-07-24,KS,Kansas,Marshall,$3.129
2024-07-24,KS,Kansas,Mcpherson,$3.011
2024-07-24,KS,Kansas,Meade,$3.053
2024-07-24,KS,Kansas,Miami,$3.094
2024-07-24,KS,Kansas,Mitchell,$3.339
2024-07-24,KS,Kansas,Montgomery,$3.295
2024-07-24,KS,Kansas,Morris,$3.069
2024-07-24,KS,Kansas,Morton,$3.272
2024-07-24,KS,Kansas,Nemaha,$3.193
2024-07-24,KS,Kansas,Neosho,$3.277
2024-07-24,KS,Kansas,Ness,$3.131
2024-07-24,KS,Kansas,Norton,$3.087
2024-07-24,KS,Kansas,Osage,$3.102
2024-07-24,KS,Kansas,Osborne,$3.104
2024-07-24,KS,Kansas,Ottawa,$3.199
2024-07-24,KS,Kansas,Pawnee,$3.254
2024-07-24,KS,Kansas,Phillips,$3.072
2024-07-24,KS,Kansas,Pottawatomie,$3.106
2024-07-24,KS,Kansas,Pratt,$3.252
2024-07-24,KS,Kansas,Rawlins,$3.099
2024-07-24,KS,Kansas,Reno,$3.100
2024-07-24,KS,Kansas,Republic,$3.229
2024-07-24,KS,Kansas,Rice,$3.281
2024-07-24,KS,Kansas,Riley,$3.175
2024-07-24,KS,Kansas,Rooks,$3.075
2024-07-24,KS,Kansas,Rush,$3.259
2024-07-24,KS,Kansas,Russell,$3.198
2024-07-24,KS,Kansas,Saline,$3.118
2024-07-24,KS,Kansas,Scott,$3.096
2024-07-24,KS,Kansas,Sedgwick,$3.354
2024-07-24,KS,Kansas,Seward,$3.068
2024-07-24,KS,Kansas,Shawnee,$3.077
2024-07-24,KS,Kansas,Sheridan,$3.161
2024-07-24,KS,Kansas,Sherman,$3.156
2024-07-24,KS,Kansas,Smith,$3.083
2024-07-24,KS,Kansas,Stafford,$3.244
2024-07-24,KS,Kansas,Stanton,$3.274
2024-07-24,KS,Kansas,Stevens,$3.075
2024-07-24,KS,Kansas,Sumner,$3.116
2024-07-24,KS,Kansas,Thomas,$3.120
2024-07-24,KS,Kansas,Trego,$3.097
2024-07-24,KS,Kansas,Wabaunsee,$3.099
2024-07-24,KS,Kansas,Wallace,$3.279
2024-07-24,KS,Kansas,Washington,$3.151
2024-07-24,KS,Kansas,Wichita,$3.074
2024-07-24,KS,Kansas,Wilson,$3.286
2024-07-24,KS,Kansas,Woodson,$3.266
2024-07-24,KS,Kansas,Wyandotte,$3.099
2024-07-24,AL,Alabama,Autauga,$3.203
2024-07-24,AL,Alabama,Baldwin,$3.127
2024-07-24,AL,Alabama,Barbour,$3.198
2024-07-24,AL,Alabama,Bibb,$3.142
2024-07-24,AL,Alabama,Blount,$3.203
2024-07-24,AL,Alabama,Bullock,$3.199
2024-07-24,AL,Alabama,Butler,$3.210
2024-07-24,AL,Alabama,Calhoun,$3.131
2024-07-24,AL,Alabama,Chambers,$3.224
2024-07-24,AL,Alabama,Cherokee,$3.058
2024-07-24,AL,Alabama,Chilton,$3.215
2024-07-24,AL,Alabama,Choctaw,$3.268
2024-07-24,AL,Alabama,Clarke,$3.280
2024-07-24,AL,Alabama,Clay,$3.279
2024-07-24,AL,Alabama,Cleburne,$3.261
2024-07-24,AL,Alabama,Coffee,$3.142
2024-07-24,AL,Alabama,Colbert,$3.149
2024-07-24,AL,Alabama,Conecuh,$3.345
2024-07-24,AL,Alabama,Coosa,$3.186
2024-07-24,AL,Alabama,Covington,$3.197
2024-07-24,AL,Alabama,Crenshaw,$3.183
2024-07-24,AL,Alabama,Cullman,$3.134
2024-07-24,AL,Alabama,Dale,$3.152
2024-07-24,AL,Alabama,Dallas,$3.165
2024-07-24,AL,Alabama,De Kalb,$3.052
2024-07-24,AL,Alabama,Elmore,$3.167
2024-07-24,AL,Alabama,Escambia,$3.205
2024-07-24,AL,Alabama,Etowah,$3.063
2024-07-24,AL,Alabama,Fayette,$3.386
2024-07-24,AL,Alabama,Franklin,$3.158
2024-07-24,AL,Alabama,Geneva,$3.212
2024-07-24,AL,Alabama,Greene,$3.355
2024-07-24,AL,Alabama,Hale,$3.208
2024-07-24,AL,Alabama,Henry,$3.209
2024-07-24,AL,Alabama,Houston,$3.122
2024-07-24,AL,Alabama,Jackson,$3.163
2024-07-24,AL,Alabama,Jefferson,$3.173
2024-07-24,AL,Alabama,Lamar,$3.379
2024-07-24,AL,Alabama,Lauderdale,$3.148
2024-07-24,AL,Alabama,Lawrence,$3.157
2024-07-24,AL,Alabama,Lee,$3.092
2024-07-24,AL,Alabama,Limestone,$3.162
2024-07-24,AL,Alabama,Lowndes,$3.229
2024-07-24,AL,Alabama,Macon,$3.233
2024-07-24,AL,Alabama,Madison,$3.172
2024-07-24,AL,Alabama,Marengo,$3.258
2024-07-24,AL,Alabama,Marion,$3.298
2024-07-24,AL,Alabama,Marshall,$3.096
2024-07-24,AL,Alabama,Mobile,$3.082
2024-07-24,AL,Alabama,Monroe,$3.190
2024-07-24,AL,Alabama,Montgomery,$3.176
2024-07-24,AL,Alabama,Morgan,$3.102
2024-07-24,AL,Alabama,Perry,$3.399
2024-07-24,AL,Alabama,Pickens,$3.193
2024-07-24,AL,Alabama,Pike,$3.201
2024-07-24,AL,Alabama,Randolph,$3.178
2024-07-24,AL,Alabama,Russell,$3.180
2024-07-24,AL,Alabama,Shelby,$3.155
2024-07-24,AL,Alabama,Saint Clair,$3.148
2024-07-24,AL,Alabama,Sumter,$3.311
2024-07-24,AL,Alabama,Talladega,$3.149
2024-07-24,AL,Alabama,Tallapoosa,$3.127
2024-07-24,AL,Alabama,Tuscaloosa,$3.104
2024-07-24,AL,Alabama,Walker,$3.137
2024-07-24,AL,Alabama,Washington,$3.277
2024-07-24,AL,Alabama,Wilcox,$3.452
2024-07-24,AL,Alabama,Winston,$3.262
2024-07-24,AR,Arkansas,Arkansas,$3.077
2024-07-24,AR,Arkansas,Ashley,$3.073
2024-07-24,AR,Arkansas,Baxter,$3.270
2024-07-24,AR,Arkansas,Benton,$3.180
2024-07-24,AR,Arkansas,Boone,$3.288
2024-07-24,AR,Arkansas,Bradley,$3.302
2024-07-24,AR,Arkansas,Calhoun,$3.199
2024-07-24,AR,Arkansas,Carroll,$3.206
2024-07-24,AR,Arkansas,Chicot,$3.086
2024-07-24,AR,Arkansas,Clark,$3.123
2024-07-24,AR,Arkansas,Clay,$3.201
2024-07-24,AR,Arkansas,Cleburne,$3.135
2024-07-24,AR,Arkansas,Cleveland,$3.374
2024-07-24,AR,Arkansas,Columbia,$3.192
2024-07-24,AR,Arkansas,Conway,$3.023
2024-07-24,AR,Arkansas,Craighead,$3.113
2024-07-24,AR,Arkansas,Crawford,$3.083
2024-07-24,AR,Arkansas,Crittenden,$3.096
2024-07-24,AR,Arkansas,Cross,$3.238
2024-07-24,AR,Arkansas,Dallas,$3.143
2024-07-24,AR,Arkansas,Desha,$3.225
2024-07-24,AR,Arkansas,Drew,$3.066
2024-07-24,AR,Arkansas,Faulkner,$3.067
2024-07-24,AR,Arkansas,Franklin,$3.077
2024-07-24,AR,Arkansas,Fulton,$3.166
2024-07-24,AR,Arkansas,Garland,$3.120
2024-07-24,AR,Arkansas,Grant,$3.090
2024-07-24,AR,Arkansas,Greene,$3.156
2024-07-24,AR,Arkansas,Hempstead,$3.203
2024-07-24,AR,Arkansas,Hot Spring,$3.016
2024-07-24,AR,Arkansas,Howard,$3.202
2024-07-24,AR,Arkansas,Independence,$3.158
2024-07-24,AR,Arkansas,Izard,$3.299
2024-07-24,AR,Arkansas,Jackson,$3.261
2024-07-24,AR,Arkansas,Jefferson,$3.074
2024-07-24,AR,Arkansas,Johnson,$3.069
2024-07-24,AR,Arkansas,Lafayette,$3.295
2024-07-24,AR,Arkansas,Lawrence,$3.204
2024-07-24,AR,Arkansas,Lee,$3.274
2024-07-24,AR,Arkansas,Lincoln,$3.146
2024-07-24,AR,Arkansas,Little River,$3.169
2024-07-24,AR,Arkansas,Logan,$3.190
2024-07-24,AR,Arkansas,Lonoke,$3.076
2024-07-24,AR,Arkansas,Madison,$3.205
2024-07-24,AR,Arkansas,Marion,$3.259
2024-07-24,AR,Arkansas,Miller,$3.186
2024-07-24,AR,Arkansas,Mississippi,$3.198
2024-07-24,AR,Arkansas,Monroe,$3.053
2024-07-24,AR,Arkansas,Montgomery,$3.319
2024-07-24,AR,Arkansas,Nevada,$3.107
2024-07-24,AR,Arkansas,Newton,$3.187
2024-07-24,AR,Arkansas,Ouachita,$3.170
2024-07-24,AR,Arkansas,Perry,$3.111
2024-07-24,AR,Arkansas,Phillips,$3.270
2024-07-24,AR,Arkansas,Pike,$3.132
2024-07-24,AR,Arkansas,Poinsett,$3.225
2024-07-24,AR,Arkansas,Polk,$3.190
2024-07-24,AR,Arkansas,Pope,$3.088
2024-07-24,AR,Arkansas,Prairie,$3.092
2024-07-24,AR,Arkansas,Pulaski,$3.080
2024-07-24,AR,Arkansas,Randolph,$2.999
2024-07-24,AR,Arkansas,Saline,$3.117
2024-07-24,AR,Arkansas,Scott,$3.039
2024-07-24,AR,Arkansas,Searcy,$3.083
2024-07-24,AR,Arkansas,Sebastian,$3.104
2024-07-24,AR,Arkansas,Sevier,$3.183
2024-07-24,AR,Arkansas,Sharp,$3.194
2024-07-24,AR,Arkansas,Saint Francis,$3.049
2024-07-24,AR,Arkansas,Stone,$3.219
2024-07-24,AR,Arkansas,Union,$3.166
2024-07-24,AR,Arkansas,Van Buren,$3.050
2024-07-24,AR,Arkansas,Washington,$3.195
2024-07-24,AR,Arkansas,White,$3.059
2024-07-24,AR,Arkansas,Woodruff,$3.199
2024-07-24,AR,Arkansas,Yell,$3.170
2024-07-24,OK,Oklahoma,Adair,$2.978
2024-07-24,OK,Oklahoma,Alfalfa,$3.125
2024-07-24,OK,Oklahoma,Atoka,$3.099
2024-07-24,OK,Oklahoma,Beaver,$3.217
2024-07-24,OK,Oklahoma,Beckham,$3.080
2024-07-24,OK,Oklahoma,Blaine,$3.224
2024-07-24,OK,Oklahoma,Bryan,$3.074
2024-07-24,OK,Oklahoma,Caddo,$3.159
2024-07-24,OK,Oklahoma,Canadian,$3.105
2024-07-24,OK,Oklahoma,Carter,$3.059
2024-07-24,OK,Oklahoma,Cherokee,$3.189
2024-07-24,OK,Oklahoma,Choctaw,$3.058
2024-07-24,OK,Oklahoma,Cimarron,$3.159
2024-07-24,OK,Oklahoma,Cleveland,$3.081
2024-07-24,OK,Oklahoma,Coal,$3.526
2024-07-24,OK,Oklahoma,Comanche,$3.038
2024-07-24,OK,Oklahoma,Cotton,$2.961
2024-07-24,OK,Oklahoma,Craig,$2.990
2024-07-24,OK,Oklahoma,Creek,$3.262
2024-07-24,OK,Oklahoma,Custer,$3.204
2024-07-24,OK,Oklahoma,Delaware,$3.088
2024-07-24,OK,Oklahoma,Dewey,$3.316
2024-07-24,OK,Oklahoma,Ellis,$3.449
2024-07-24,OK,Oklahoma,Garfield,$3.058
2024-07-24,OK,Oklahoma,Garvin,$3.096
2024-07-24,OK,Oklahoma,Grady,$3.144
2024-07-24,OK,Oklahoma,Grant,$3.049
2024-07-24,OK,Oklahoma,Greer,$3.404
2024-07-24,OK,Oklahoma,Harmon,$3.199
2024-07-24,OK,Oklahoma,Harper,$3.143
2024-07-24,OK,Oklahoma,Haskell,$3.083
2024-07-24,OK,Oklahoma,Hughes,$3.323
2024-07-24,OK,Oklahoma,Jackson,$3.018
2024-07-24,OK,Oklahoma,Jefferson,$3.216
2024-07-24,OK,Oklahoma,Johnston,$3.050
2024-07-24,OK,Oklahoma,Kay,$3.050
2024-07-24,OK,Oklahoma,Kingfisher,$3.284
2024-07-24,OK,Oklahoma,Kiowa,$3.188
2024-07-24,OK,Oklahoma,Latimer,$3.204
2024-07-24,OK,Oklahoma,Le Flore,$3.085
2024-07-24,OK,Oklahoma,Lincoln,$3.251
2024-07-24,OK,Oklahoma,Logan,$3.320
2024-07-24,OK,Oklahoma,Love,$3.101
2024-07-24,OK,Oklahoma,Major,$3.090
2024-07-24,OK,Oklahoma,Marshall,$3.128
2024-07-24,OK,Oklahoma,Mayes,$3.002
2024-07-24,OK,Oklahoma,McClain,$3.271
2024-07-24,OK,Oklahoma,McCurtain,$3.155
2024-07-24,OK,Oklahoma,McIntosh,$3.069
2024-07-24,OK,Oklahoma,Murray,$3.020
2024-07-24,OK,Oklahoma,Muskogee,$2.937
2024-07-24,OK,Oklahoma,Noble,$3.088
2024-07-24,OK,Oklahoma,Nowata,$3.076
2024-07-24,OK,Oklahoma,Okfuskee,$3.071
2024-07-24,OK,Oklahoma,Oklahoma,$3.110
2024-07-24,OK,Oklahoma,Okmulgee,$2.945
2024-07-24,OK,Oklahoma,Osage,$3.159
2024-07-24,OK,Oklahoma,Ottawa,$2.966
2024-07-24,OK,Oklahoma,Pawnee,$3.164
2024-07-24,OK,Oklahoma,Payne,$3.120
2024-07-24,OK,Oklahoma,Pittsburg,$3.087
2024-07-24,OK,Oklahoma,Pontotoc,$3.126
2024-07-24,OK,Oklahoma,Pottawatomie,$3.157
2024-07-24,OK,Oklahoma,Pushmataha,$3.221
2024-07-24,OK,Oklahoma,Roger Mills,$3.205
2024-07-24,OK,Oklahoma,Rogers,$3.179
2024-07-24,OK,Oklahoma,Seminole,$3.114
2024-07-24,OK,Oklahoma,Sequoyah,$3.085
2024-07-24,OK,Oklahoma,Stephens,$3.081
2024-07-24,OK,Oklahoma,Texas,$3.089
2024-07-24,OK,Oklahoma,Tillman,$3.077
2024-07-24,OK,Oklahoma,Tulsa,$3.166
2024-07-24,OK,Oklahoma,Wagoner,$3.095
2024-07-24,OK,Oklahoma,Washington,$3.101
2024-07-24,OK,Oklahoma,Washita,$3.104
2024-07-24,OK,Oklahoma,Woods,$3.296
2024-07-24,OK,Oklahoma,Woodward,$3.147
2024-07-24,TX,Texas,Anderson,$3.036
2024-07-24,TX,Texas,Andrews,$3.167
2024-07-24,TX,Texas,Angelina,$3.146
2024-07-24,TX,Texas,Aransas,$3.110
2024-07-24,TX,Texas,Archer,$3.092
2024-07-24,TX,Texas,Armstrong,$2.869
2024-07-24,TX,Texas,Atascosa,$3.113
2024-07-24,TX,Texas,Austin,$3.129
2024-07-24,TX,Texas,Bailey,$3.175
2024-07-24,TX,Texas,Bandera,$3.230
2024-07-24,TX,Texas,Bastrop,$3.135
2024-07-24,TX,Texas,Baylor,$3.199
2024-07-24,TX,Texas,Bee,$3.151
2024-07-24,TX,Texas,Bell,$3.052
2024-07-24,TX,Texas,Bexar,$3.132
2024-07-24,TX,Texas,Blanco,$3.166
2024-07-24,TX,Texas,Borden,
2024-07-24,TX,Texas,Bosque,$3.145
2024-07-24,TX,Texas,Bowie,$3.115
2024-07-24,TX,Texas,Brazoria,$3.092
2024-07-24,TX,Texas,Brazos,$3.141
2024-07-24,TX,Texas,Brewster,$3.500
2024-07-24,TX,Texas,Briscoe,$3.284
2024-07-24,TX,Texas,Brooks,$3.186
2024-07-24,TX,Texas,Brown,$3.074
2024-07-24,TX,Texas,Burleson,$3.122
2024-07-24,TX,Texas,Burnet,$3.064
2024-07-24,TX,Texas,Caldwell,$3.131
2024-07-24,TX,Texas,Calhoun,$3.093
2024-07-24,TX,Texas,Callahan,$3.107
2024-07-24,TX,Texas,Cameron,$3.158
2024-07-24,TX,Texas,Camp,$2.999
2024-07-24,TX,Texas,Carson,$2.959
2024-07-24,TX,Texas,Cass,$3.125
2024-07-24,TX,Texas,Castro,$3.171
2024-07-24,TX,Texas,Chambers,$3.131
2024-07-24,TX,Texas,Cherokee,$3.045
2024-07-24,TX,Texas,Childress,$2.879
2024-07-24,TX,Texas,Clay,$3.145
2024-07-24,TX,Texas,Cochran,$3.314
2024-07-24,TX,Texas,Coke,$3.044
2024-07-24,TX,Texas,Coleman,$3.175
2024-07-24,TX,Texas,Collin,$3.113
2024-07-24,TX,Texas,Collingsworth,$3.149
2024-07-24,TX,Texas,Colorado,$3.134
2024-07-24,TX,Texas,Comal,$3.159
2024-07-24,TX,Texas,Comanche,$3.108
2024-07-24,TX,Texas,Concho,$3.174
2024-07-24,TX,Texas,Cooke,$3.071
2024-07-24,TX,Texas,Coryell,$3.103
2024-07-24,TX,Texas,Cottle,$3.359
2024-07-24,TX,Texas,Crane,$3.319
2024-07-24,TX,Texas,Crockett,$3.326
2024-07-24,TX,Texas,Crosby,$3.113
2024-07-24,TX,Texas,Culberson,$3.443
2024-07-24,TX,Texas,Dallam,$2.926
2024-07-24,TX,Texas,Dallas,$3.153
2024-07-24,TX,Texas,Dawson,$3.151
2024-07-24,TX,Texas,Deaf Smith,$2.900
2024-07-24,TX,Texas,Delta,$3.174
2024-07-24,TX,Texas,Denton,$3.128
2024-07-24,TX,Texas,De Witt,$3.181
2024-07-24,TX,Texas,Dickens,$3.399
2024-07-24,TX,Texas,Dimmit,$3.244
2024-07-24,TX,Texas,Donley,$2.949
2024-07-24,TX,Texas,Duval,$3.187
2024-07-24,TX,Texas,Eastland,$3.095
2024-07-24,TX,Texas,Ector,$2.983
2024-07-24,TX,Texas,Edwards,$3.299
2024-07-24,TX,Texas,El Paso,$3.247
2024-07-24,TX,Texas,Ellis,$3.115
2024-07-24,TX,Texas,Erath,$3.136
2024-07-24,TX,Texas,Falls,$3.109
2024-07-24,TX,Texas,Fannin,$3.060
2024-07-24,TX,Texas,Fayette,$3.191
2024-07-24,TX,Texas,Fisher,$3.199
2024-07-24,TX,Texas,Floyd,$3.147
2024-07-24,TX,Texas,Foard,$3.099
2024-07-24,TX,Texas,Fort Bend,$3.085
2024-07-24,TX,Texas,Franklin,$3.044
2024-07-24,TX,Texas,Freestone,$3.096
2024-07-24,TX,Texas,Frio,$3.126
2024-07-24,TX,Texas,Gaines,$3.051
2024-07-24,TX,Texas,Galveston,$3.136
2024-07-24,TX,Texas,Garza,$2.994
2024-07-24,TX,Texas,Gillespie,$3.200
2024-07-24,TX,Texas,Glasscock,$3.299
2024-07-24,TX,Texas,Goliad,$3.252
2024-07-24,TX,Texas,Gonzales,$3.141
2024-07-24,TX,Texas,Gray,$2.938
2024-07-24,TX,Texas,Grayson,$3.029
2024-07-24,TX,Texas,Gregg,$3.068
2024-07-24,TX,Texas,Grimes,$3.169
2024-07-24,TX,Texas,Guadalupe,$3.115
2024-07-24,TX,Texas,Hale,$2.915
2024-07-24,TX,Texas,Hall,$3.124
2024-07-24,TX,Texas,Hamilton,$3.201
2024-07-24,TX,Texas,Hansford,$3.011
2024-07-24,TX,Texas,Hardeman,$3.036
2024-07-24,TX,Texas,Hardin,$3.051
2024-07-24,TX,Texas,Harris,$3.115
2024-07-24,TX,Texas,Harrison,$3.160
2024-07-24,TX,Texas,Hartley,$2.999
2024-07-24,TX,Texas,Haskell,$3.186
2024-07-24,TX,Texas,Hays,$3.146
2024-07-24,TX,Texas,Hemphill,$3.064
2024-07-24,TX,Texas,Henderson,$3.067
2024-07-24,TX,Texas,Hidalgo,$3.143
2024-07-24,TX,Texas,Hill,$3.074
2024-07-24,TX,Texas,Hockley,$3.000
2024-07-24,TX,Texas,Hood,$3.097
2024-07-24,TX,Texas,Hopkins,$3.064
2024-07-24,TX,Texas,Houston,$3.235
2024-07-24,TX,Texas,Howard,$2.994
2024-07-24,TX,Texas,Hudspeth,$3.449
2024-07-24,TX,Texas,Hunt,$3.094
2024-07-24,TX,Texas,Hutchinson,$2.949
2024-07-24,TX,Texas,Irion,$3.124
2024-07-24,TX,Texas,Jack,$3.159
2024-07-24,TX,Texas,Jackson,$3.183
2024-07-24,TX,Texas,Jasper,$3.187
2024-07-24,TX,Texas,Jeff Davis,$3.629
2024-07-24,TX,Texas,Jefferson,$3.057
2024-07-24,TX,Texas,Jim Hogg,$3.249
2024-07-24,TX,Texas,Jim Wells,$3.094
2024-07-24,TX,Texas,Johnson,$3.108
2024-07-24,TX,Texas,Jones,$3.059
2024-07-24,TX,Texas,Karnes,$3.195
2024-07-24,TX,Texas,Kaufman,$3.111
2024-07-24,TX,Texas,Kendall,$3.157
2024-07-24,TX,Texas,Kenedy,
2024-07-24,TX,Texas,Kent,
2024-07-24,TX,Texas,Kerr,$3.132
2024-07-24,TX,Texas,Kimble,$3.179
2024-07-24,TX,Texas,King,$3.199
2024-07-24,TX,Texas,Kinney,$3.199
2024-07-24,TX,Texas,Kleberg,$3.206
2024-07-24,TX,Texas,Knox,$3.199
2024-07-24,TX,Texas,La Salle,$3.204
2024-07-24,TX,Texas,Lamar,$3.148
2024-07-24,TX,Texas,Lamb,$3.173
2024-07-24,TX,Texas,Lampasas,$3.141
2024-07-24,TX,Texas,Lavaca,$3.167
2024-07-24,TX,Texas,Lee,$3.120
2024-07-24,TX,Texas,Leon,$3.155
2024-07-24,TX,Texas,Liberty,$3.139
2024-07-24,TX,Texas,Limestone,$3.168
2024-07-24,TX,Texas,Lipscomb,$2.939
2024-07-24,TX,Texas,Live Oak,$3.168
2024-07-24,TX,Texas,Llano,$3.115
2024-07-24,TX,Texas,Loving,$3.199
2024-07-24,TX,Texas,Lubbock,$2.911
2024-07-24,TX,Texas,Lynn,$3.169
2024-07-24,TX,Texas,Madison,$3.180
2024-07-24,TX,Texas,Marion,$2.999
2024-07-24,TX,Texas,Martin,$3.260
2024-07-24,TX,Texas,Mason,$3.252
2024-07-24,TX,Texas,Matagorda,$3.120
2024-07-24,TX,Texas,Maverick,$3.191
2024-07-24,TX,Texas,McCulloch,$3.178
2024-07-24,TX,Texas,McLennan,$3.073
2024-07-24,TX,Texas,McMullen,$3.199
2024-07-24,TX,Texas,Medina,$3.066
2024-07-24,TX,Texas,Menard,$3.369
2024-07-24,TX,Texas,Midland,$2.940
2024-07-24,TX,Texas,Milam,$3.087
2024-07-24,TX,Texas,Mills,$3.176
2024-07-24,TX,Texas,Mitchell,$3.033
2024-07-24,TX,Texas,Montague,$3.115
2024-07-24,TX,Texas,Montgomery,$3.090
2024-07-24,TX,Texas,Moore,$2.926
2024-07-24,TX,Texas,Morris,$3.065
2024-07-24,TX,Texas,Motley,$3.299
2024-07-24,TX,Texas,Nacogdoches,$3.103
2024-07-24,TX,Texas,Navarro,$3.229
2024-07-24,TX,Texas,Newton,$3.191
2024-07-24,TX,Texas,Nolan,$3.033
2024-07-24,TX,Texas,Nueces,$3.190
2024-07-24,TX,Texas,Ochiltree,$2.949
2024-07-24,TX,Texas,Oldham,$3.119
2024-07-24,TX,Texas,Orange,$3.075
2024-07-24,TX,Texas,Palo Pinto,$3.053
2024-07-24,TX,Texas,Panola,$2.994
2024-07-24,TX,Texas,Parker,$3.113
2024-07-24,TX,Texas,Parmer,$3.087
2024-07-24,TX,Texas,Pecos,$3.083
2024-07-24,TX,Texas,Polk,$3.143
2024-07-24,TX,Texas,Potter,$2.887
2024-07-24,TX,Texas,Presidio,$3.381
2024-07-24,TX,Texas,Rains,$3.056
2024-07-24,TX,Texas,Randall,$2.886
2024-07-24,TX,Texas,Reagan,$3.199
2024-07-24,TX,Texas,Real,$3.249
2024-07-24,TX,Texas,Red River,$3.200
2024-07-24,TX,Texas,Reeves,$3.157
2024-07-24,TX,Texas,Refugio,$3.201
2024-07-24,TX,Texas,Roberts,$3.499
2024-07-24,TX,Texas,Robertson,$3.114
2024-07-24,TX,Texas,Rockwall,$3.122
2024-07-24,TX,Texas,Runnels,$3.177
2024-07-24,TX,Texas,Rusk,$3.103
2024-07-24,TX,Texas,Sabine,$3.186
2024-07-24,TX,Texas,San Augustine,$3.111
2024-07-24,TX,Texas,San Jacinto,$3.203
2024-07-24,TX,Texas,San Patricio,$3.192
2024-07-24,TX,Texas,San Saba,$3.082
2024-07-24,TX,Texas,Schleicher,$3.189
2024-07-24,TX,Texas,Scurry,$3.137
2024-07-24,TX,Texas,Shackelford,$3.129
2024-07-24,TX,Texas,Shelby,$3.160
2024-07-24,TX,Texas,Sherman,$2.999
2024-07-24,TX,Texas,Smith,$2.981
2024-07-24,TX,Texas,Somervell,$3.137
2024-07-24,TX,Texas,Starr,$3.085
2024-07-24,TX,Texas,Stephens,$3.001
2024-07-24,TX,Texas,Sterling,$3.199
2024-07-24,TX,Texas,Stonewall,$3.199
2024-07-24,TX,Texas,Sutton,$3.189
2024-07-24,TX,Texas,Swisher,$3.022
2024-07-24,TX,Texas,Tarrant,$3.121
2024-07-24,TX,Texas,Taylor,$3.018
2024-07-24,TX,Texas,Terrell,$3.399
2024-07-24,TX,Texas,Terry,$3.050
2024-07-24,TX,Texas,Throckmorton,$3.199
2024-07-24,TX,Texas,Titus,$3.182
2024-07-24,TX,Texas,Tom Green,$3.111
2024-07-24,TX,Texas,Travis,$3.161
2024-07-24,TX,Texas,Trinity,$3.085
2024-07-24,TX,Texas,Tyler,$3.173
2024-07-24,TX,Texas,Upshur,$3.036
2024-07-24,TX,Texas,Upton,$3.443
2024-07-24,TX,Texas,Uvalde,$3.125
2024-07-24,TX,Texas,Val Verde,$3.137
2024-07-24,TX,Texas,Van Zandt,$3.066
2024-07-24,TX,Texas,Victoria,$3.026
2024-07-24,TX,Texas,Walker,$3.109
2024-07-24,TX,Texas,Waller,$3.173
2024-07-24,TX,Texas,Ward,$3.019
2024-07-24,TX,Texas,Washington,$3.179
2024-07-24,TX,Texas,Webb,$3.133
2024-07-24,TX,Texas,Wharton,$3.080
2024-07-24,TX,Texas,Wheeler,$3.099
2024-07-24,TX,Texas,Wichita,$2.920
2024-07-24,TX,Texas,Wilbarger,$2.834
2024-07-24,TX,Texas,Willacy,$3.099
2024-07-24,TX,Texas,Williamson,$3.146
2024-07-24,TX,Texas,Wilson,$3.104
2024-07-24,TX,Texas,Winkler,$3.199
2024-07-24,TX,Texas,Wise,$3.092
2024-07-24,TX,Texas,Wood,$3.011
2024-07-24,TX,Texas,Yoakum,$3.302
2024-07-24,TX,Texas,Young,$3.137
2024-07-24,TX,Texas,Zapata,$3.243
2024-07-24,TX,Texas,Zavala,$3.263
2024-07-24,TN,Tennessee,Anderson,$3.030
2024-07-24,TN,Tennessee,Bedford,$3.030
2024-07-24,TN,Tennessee,Benton,$3.102
2024-07-24,TN,Tennessee,Bledsoe,$3.296
2024-07-24,TN,Tennessee,Blount,$3.089
2024-07-24,TN,Tennessee,Bradley,$3.155
2024-07-24,TN,Tennessee,Campbell,$3.062
2024-07-24,TN,Tennessee,Cannon,$3.136
2024-07-24,TN,Tennessee,Carroll,$3.093
2024-07-24,TN,Tennessee,Carter,$3.072
2024-07-24,TN,Tennessee,Cheatham,$3.191
2024-07-24,TN,Tennessee,Chester,$3.228
2024-07-24,TN,Tennessee,Claiborne,$3.046
2024-07-24,TN,Tennessee,Clay,$3.201
2024-07-24,TN,Tennessee,Cocke,$3.069
2024-07-24,TN,Tennessee,Coffee,$3.069
2024-07-24,TN,Tennessee,Crockett,$3.224
2024-07-24,TN,Tennessee,Cumberland,$3.116
2024-07-24,TN,Tennessee,Davidson,$3.165
2024-07-24,TN,Tennessee,Decatur,$3.181
2024-07-24,TN,Tennessee,DeKalb,$3.126
2024-07-24,TN,Tennessee,Dickson,$3.073
2024-07-24,TN,Tennessee,Dyer,$3.029
2024-07-24,TN,Tennessee,Fayette,$3.092
2024-07-24,TN,Tennessee,Fentress,$3.136
2024-07-24,TN,Tennessee,Franklin,$3.154
2024-07-24,TN,Tennessee,Gibson,$3.138
2024-07-24,TN,Tennessee,Giles,$3.073
2024-07-24,TN,Tennessee,Grainger,$3.113
2024-07-24,TN,Tennessee,Greene,$2.995
2024-07-24,TN,Tennessee,Grundy,$3.197
2024-07-24,TN,Tennessee,Hamblen,$3.050
2024-07-24,TN,Tennessee,Hamilton,$3.036
2024-07-24,TN,Tennessee,Hancock,$3.199
2024-07-24,TN,Tennessee,Hardeman,$3.136
2024-07-24,TN,Tennessee,Hardin,$3.028
2024-07-24,TN,Tennessee,Hawkins,$3.048
2024-07-24,TN,Tennessee,Haywood,$3.265
2024-07-24,TN,Tennessee,Henderson,$3.037
2024-07-24,TN,Tennessee,Henry,$2.905
2024-07-24,TN,Tennessee,Hickman,$3.191
2024-07-24,TN,Tennessee,Houston,$3.392
2024-07-24,TN,Tennessee,Humphreys,$3.046
2024-07-24,TN,Tennessee,Jackson,$3.089
2024-07-24,TN,Tennessee,Jefferson,$3.050
2024-07-24,TN,Tennessee,Johnson,$3.102
2024-07-24,TN,Tennessee,Knox,$3.020
2024-07-24,TN,Tennessee,Lake,$3.074
2024-07-24,TN,Tennessee,Lauderdale,$3.136
2024-07-24,TN,Tennessee,Lawrence,$3.095
2024-07-24,TN,Tennessee,Lewis,$3.190
2024-07-24,TN,Tennessee,Lincoln,$3.123
2024-07-24,TN,Tennessee,Loudon,$3.060
2024-07-24,TN,Tennessee,Macon,$3.254
2024-07-24,TN,Tennessee,Madison,$3.175
2024-07-24,TN,Tennessee,Marion,$3.153
2024-07-24,TN,Tennessee,Marshall,$3.127
2024-07-24,TN,Tennessee,Maury,$3.083
2024-07-24,TN,Tennessee,McMinn,$3.005
2024-07-24,TN,Tennessee,McNairy,$3.085
2024-07-24,TN,Tennessee,Meigs,$3.115
2024-07-24,TN,Tennessee,Monroe,$3.086
2024-07-24,TN,Tennessee,Montgomery,$3.062
2024-07-24,TN,Tennessee,Moore,$3.089
2024-07-24,TN,Tennessee,Morgan,$3.079
2024-07-24,TN,Tennessee,Obion,$3.125
2024-07-24,TN,Tennessee,Overton,$3.299
2024-07-24,TN,Tennessee,Perry,$3.216
2024-07-24,TN,Tennessee,Pickett,$3.274
2024-07-24,TN,Tennessee,Polk,$3.111
2024-07-24,TN,Tennessee,Putnam,$3.143
2024-07-24,TN,Tennessee,Rhea,$3.065
2024-07-24,TN,Tennessee,Roane,$3.038
2024-07-24,TN,Tennessee,Robertson,$3.140
2024-07-24,TN,Tennessee,Rutherford,$3.127
2024-07-24,TN,Tennessee,Scott,$3.114
2024-07-24,TN,Tennessee,Sequatchie,$3.034
2024-07-24,TN,Tennessee,Sevier,$3.098
2024-07-24,TN,Tennessee,Shelby,$3.082
2024-07-24,TN,Tennessee,Smith,$3.187
2024-07-24,TN,Tennessee,Stewart,$3.151
2024-07-24,TN,Tennessee,Sullivan,$3.093
2024-07-24,TN,Tennessee,Sumner,$3.095
2024-07-24,TN,Tennessee,Tipton,$3.118
2024-07-24,TN,Tennessee,Trousdale,$3.266
2024-07-24,TN,Tennessee,Unicoi,$3.064
2024-07-24,TN,Tennessee,Union,$3.103
2024-07-24,TN,Tennessee,Van Buren,$3.299
2024-07-24,TN,Tennessee,Warren,$3.161
2024-07-24,TN,Tennessee,Washington,$3.121
2024-07-24,TN,Tennessee,Wayne,$3.136
2024-07-24,TN,Tennessee,Weakley,$3.104
2024-07-24,TN,Tennessee,White,$2.976
2024-07-24,TN,Tennessee,Williamson,$3.449
2024-07-24,TN,Tennessee,Wilson,$3.090
2024-07-24,LA,Louisiana,Acadia,$3.098
2024-07-24,LA,Louisiana,Allen,$3.258
2024-07-24,LA,Louisiana,Ascension,$3.072
2024-07-24,LA,Louisiana,Assumption,$3.122
2024-07-24,LA,Louisiana,Avoyelles,$3.079
2024-07-24,LA,Louisiana,Beauregard,$2.996
2024-07-24,LA,Louisiana,Bienville,$3.215
2024-07-24,LA,Louisiana,Bossier,$2.965
2024-07-24,LA,Louisiana,Caddo,$3.002
2024-07-24,LA,Louisiana,Calcasieu,$3.069
2024-07-24,LA,Louisiana,Caldwell,$3.132
2024-07-24,LA,Louisiana,Cameron,$3.532
2024-07-24,LA,Louisiana,Catahoula,$3.183
2024-07-24,LA,Louisiana,Claiborne,$3.321
2024-07-24,LA,Louisiana,Concordia,$2.991
2024-07-24,LA,Louisiana,De Soto,$3.107
2024-07-24,LA,Louisiana,East Baton Rouge,$3.085
2024-07-24,LA,Louisiana,East Carroll,$3.199
2024-07-24,LA,Louisiana,East Feliciana,$3.233
2024-07-24,LA,Louisiana,Evangeline,$3.052
2024-07-24,LA,Louisiana,Franklin,$3.141
2024-07-24,LA,Louisiana,Grant,$3.146
2024-07-24,LA,Louisiana,Iberia,$3.083
2024-07-24,LA,Louisiana,Iberville,$3.132
2024-07-24,LA,Louisiana,Jackson,$3.046
2024-07-24,LA,Louisiana,Jefferson,$3.084
2024-07-24,LA,Louisiana,Jefferson Davis,$3.145
2024-07-24,LA,Louisiana,La Salle,$3.190
2024-07-24,LA,Louisiana,Lafayette,$3.108
2024-07-24,LA,Louisiana,Lafourche,$3.095
2024-07-24,LA,Louisiana,Lincoln,$2.927
2024-07-24,LA,Louisiana,Livingston,$3.046
2024-07-24,LA,Louisiana,Madison,$3.028
2024-07-24,LA,Louisiana,Morehouse,$3.055
2024-07-24,LA,Louisiana,Natchitoches,$3.021
2024-07-24,LA,Louisiana,Orleans,$3.076
2024-07-24,LA,Louisiana,Ouachita,$2.894
2024-07-24,LA,Louisiana,Plaquemines,$3.419
2024-07-24,LA,Louisiana,Pointe Coupee,$3.202
2024-07-24,LA,Louisiana,Rapides,$3.020
2024-07-24,LA,Louisiana,Red River,$3.153
2024-07-24,LA,Louisiana,Richland,$3.010
2024-07-24,LA,Louisiana,Sabine,$3.199
2024-07-24,LA,Louisiana,Saint Bernard,$2.999
2024-07-24,LA,Louisiana,Saint Charles,$3.132
2024-07-24,LA,Louisiana,Saint Helena,$3.104
2024-07-24,LA,Louisiana,Saint James,$3.188
2024-07-24,LA,Louisiana,St John the Baptist,$3.119
2024-07-24,LA,Louisiana,Saint Landry,$3.038
2024-07-24,LA,Louisiana,Saint Martin,$3.032
2024-07-24,LA,Louisiana,Saint Mary,$3.181
2024-07-24,LA,Louisiana,Saint Tammany,$3.100
2024-07-24,LA,Louisiana,Tangipahoa,$3.037
2024-07-24,LA,Louisiana,Tensas,$3.449
2024-07-24,LA,Louisiana,Terrebonne,$3.062
2024-07-24,LA,Louisiana,Union,$3.081
2024-07-24,LA,Louisiana,Vermilion,$3.163
2024-07-24,LA,Louisiana,Vernon,$3.167
2024-07-24,LA,Louisiana,Washington,$3.124
2024-07-24,LA,Louisiana,Webster,$3.106
2024-07-24,LA,Louisiana,West Baton Rouge,$3.215
2024-07-24,LA,Louisiana,West Carroll,$2.973
2024-07-24,LA,Louisiana,West Feliciana,$3.266
2024-07-24,LA,Louisiana,Winn,$3.138
2024-07-24,MS,Mississippi,Adams,$3.068
2024-07-24,MS,Mississippi,Alcorn,$2.906
2024-07-24,MS,Mississippi,Amite,$3.022
2024-07-24,MS,Mississippi,Attala,$3.098
2024-07-24,MS,Mississippi,Benton,$3.011
2024-07-24,MS,Mississippi,Bolivar,$2.903
2024-07-24,MS,Mississippi,Calhoun,$3.037
2024-07-24,MS,Mississippi,Carroll,$3.073
2024-07-24,MS,Mississippi,Chickasaw,$3.006
2024-07-24,MS,Mississippi,Choctaw,$3.139
2024-07-24,MS,Mississippi,Claiborne,$3.299
2024-07-24,MS,Mississippi,Clarke,$3.092
2024-07-24,MS,Mississippi,Clay,$3.049
2024-07-24,MS,Mississippi,Coahoma,$3.005
2024-07-24,MS,Mississippi,Copiah,$2.982
2024-07-24,MS,Mississippi,Covington,$2.993
2024-07-24,MS,Mississippi,De Soto,$2.957
2024-07-24,MS,Mississippi,Forrest,$2.963
2024-07-24,MS,Mississippi,Franklin,$2.998
2024-07-24,MS,Mississippi,George,$3.046
2024-07-24,MS,Mississippi,Greene,$3.049
2024-07-24,MS,Mississippi,Grenada,$2.997
2024-07-24,MS,Mississippi,Hancock,$2.947
2024-07-24,MS,Mississippi,Harrison,$2.905
2024-07-24,MS,Mississippi,Hinds,$2.977
2024-07-24,MS,Mississippi,Holmes,$3.255
2024-07-24,MS,Mississippi,Humphreys,$3.209
2024-07-24,MS,Mississippi,Issaquena,
2024-07-24,MS,Mississippi,Itawamba,$2.960
2024-07-24,MS,Mississippi,Jackson,$2.987
2024-07-24,MS,Mississippi,Jasper,$2.844
2024-07-24,MS,Mississippi,Jefferson,$2.999
2024-07-24,MS,Mississippi,Jefferson Davis,$3.094
2024-07-24,MS,Mississippi,Jones,$2.988
2024-07-24,MS,Mississippi,Kemper,$3.051
2024-07-24,MS,Mississippi,Lafayette,$3.111
2024-07-24,MS,Mississippi,Lamar,$3.000
2024-07-24,MS,Mississippi,Lauderdale,$3.053
2024-07-24,MS,Mississippi,Lawrence,$2.999
2024-07-24,MS,Mississippi,Leake,$2.975
2024-07-24,MS,Mississippi,Lee,$3.006
2024-07-24,MS,Mississippi,Leflore,$2.841
2024-07-24,MS,Mississippi,Lincoln,$2.996
2024-07-24,MS,Mississippi,Lowndes,$3.031
2024-07-24,MS,Mississippi,Madison,$3.029
2024-07-24,MS,Mississippi,Marion,$3.081
2024-07-24,MS,Mississippi,Marshall,$2.972
2024-07-24,MS,Mississippi,Monroe,$3.053
2024-07-24,MS,Mississippi,Montgomery,$2.948
2024-07-24,MS,Mississippi,Neshoba,$3.030
2024-07-24,MS,Mississippi,Newton,$3.029
2024-07-24,MS,Mississippi,Noxubee,$3.157
2024-07-24,MS,Mississippi,Oktibbeha,$3.029
2024-07-24,MS,Mississippi,Panola,$2.935
2024-07-24,MS,Mississippi,Pearl River,$3.091
2024-07-24,MS,Mississippi,Perry,$3.165
2024-07-24,MS,Mississippi,Pike,$2.943
2024-07-24,MS,Mississippi,Pontotoc,$3.017
2024-07-24,MS,Mississippi,Prentiss,$2.982
2024-07-24,MS,Mississippi,Quitman,$2.999
2024-07-24,MS,Mississippi,Rankin,$2.931
2024-07-24,MS,Mississippi,Scott,$3.100
2024-07-24,MS,Mississippi,Sharkey,$3.199
2024-07-24,MS,Mississippi,Simpson,$2.908
2024-07-24,MS,Mississippi,Smith,$3.007
2024-07-24,MS,Mississippi,Stone,$2.933
2024-07-24,MS,Mississippi,Sunflower,$3.026
2024-07-24,MS,Mississippi,Tallahatchie,$3.135
2024-07-24,MS,Mississippi,Tate,$2.953
2024-07-24,MS,Mississippi,Tippah,$3.017
2024-07-24,MS,Mississippi,Tishomingo,$3.004
2024-07-24,MS,Mississippi,Tunica,$3.059
2024-07-24,MS,Mississippi,Union,$2.917
2024-07-24,MS,Mississippi,Walthall,$3.112
2024-07-24,MS,Mississippi,Warren,$2.912
2024-07-24,MS,Mississippi,Washington,$2.995
2024-07-24,MS,Mississippi,Wayne,$3.039
2024-07-24,MS,Mississippi,Webster,$3.049
2024-07-24,MS,Mississippi,Wilkinson,$3.047
2024-07-24,MS,Mississippi,Winston,$3.088
2024-07-24,MS,Mississippi,Yalobusha,$2.989
2024-07-24,MS,Mississippi,Yazoo,$2.895
HI,Hawaii,Hawaii,$4.992
HI,Hawaii,Honolulu,$4.560
HI,Hawaii,Kalawao,
HI,Hawaii,Kauai,$5.250
HI,Hawaii,Maui,$4.746
CA,California,Alameda,$4.723
CA,California,Alpine,
CA,California,Amador,$4.770
CA,California,Butte,$4.458
CA,California,Calaveras,$4.653
CA,California,Colusa,$4.681
CA,California,Contra Costa,$4.693
CA,California,Del Norte,$4.757
CA,California,El Dorado,$4.949
CA,California,Fresno,$4.581
CA,California,Glenn,$4.528
CA,California,Humboldt,$5.159
CA,California,Imperial,$4.672
CA,California,Inyo,$4.964
CA,California,Kern,$4.770
CA,California,Kings,$4.581
CA,California,Lake,$4.940
CA,California,Lassen,$5.074
CA,California,Los Angeles,$4.621
CA,California,Madera,$4.696
CA,California,Marin,$4.733
CA,California,Mariposa,$4.918
CA,California,Mendocino,$5.072
CA,California,Merced,$4.515
CA,California,Modoc,$4.999
CA,California,Mono,$6.001
CA,California,Monterey,$4.899
CA,California,Napa,$4.864
CA,California,Nevada,$5.101
CA,California,Orange,$4.543
CA,California,Placer,$4.756
CA,California,Plumas,$5.020
CA,California,Riverside,$4.567
CA,California,Sacramento,$4.628
CA,California,San Benito,$4.492
CA,California,San Bernardino,$4.551
CA,California,San Diego,$4.723
CA,California,San Francisco,$4.859
CA,California,San Joaquin,$4.510
CA,California,San Luis Obispo,$4.916
CA,California,San Mateo,$4.824
CA,California,Santa Barbara,$4.812
CA,California,Santa Clara,$4.620
CA,California,Santa Cruz,$4.858
CA,California,Shasta,$4.479
CA,California,Sierra,$5.432
CA,California,Siskiyou,$4.853
CA,California,Solano,$4.680
CA,California,Sonoma,$4.908
CA,California,Stanislaus,$4.439
CA,California,Sutter,$4.540
CA,California,Tehama,$4.422
CA,California,Trinity,$5.107
CA,California,Tulare,$4.619
CA,California,Tuolumne,$4.767
CA,California,Ventura,$4.766
CA,California,Yolo,$4.582
CA,California,Yuba,$4.328
WA,Washington,Adams,$4.223
WA,Washington,Asotin,$3.772
WA,Washington,Benton,$4.048
WA,Washington,Chelan,$4.105
WA,Washington,Clallam,$4.319
WA,Washington,Clark,$4.270
WA,Washington,Columbia,$4.549
WA,Washington,Cowlitz,$4.254
WA,Washington,Douglas,$3.971
WA,Washington,Ferry,$3.893
WA,Washington,Franklin,$4.103
WA,Washington,Garfield,$4.282
WA,Washington,Grant,$4.237
WA,Washington,Grays Harbor,$4.423
WA,Washington,Island,$4.043
WA,Washington,Jefferson,$4.725
WA,Washington,King,$4.562
WA,Washington,Kitsap,$4.405
WA,Washington,Kittitas,$4.095
WA,Washington,Klickitat,$4.205
WA,Washington,Lewis,$4.332
WA,Washington,Lincoln,$4.029
WA,Washington,Mason,$4.254
WA,Washington,Okanogan,$4.157
WA,Washington,Pacific,$4.615
WA,Washington,Pend Oreille,$3.955
WA,Washington,Pierce,$4.174
WA,Washington,San Juan,$5.222
WA,Washington,Skagit,$3.902
WA,Washington,Skamania,$4.546
WA,Washington,Snohomish,$4.323
WA,Washington,Spokane,$3.758
WA,Washington,Stevens,$3.960
WA,Washington,Thurston,$4.269
WA,Washington,Wahkiakum,$4.749
WA,Washington,Walla Walla,$4.411
WA,Washington,Whatcom,$4.068
WA,Washington,Whitman,$4.220
WA,Washington,Yakima,$3.971
IL,Illinois,Adams,$3.740
IL,Illinois,Alexander,$3.699
IL,Illinois,Bond,$3.578
IL,Illinois,Boone,$3.771
IL,Illinois,Brown,$3.466
IL,Illinois,Bureau,$3.687
IL,Illinois,Calhoun,$3.799
IL,Illinois,Carroll,$3.787
IL,Illinois,Cass,$3.728
IL,Illinois,Champaign,$3.741
IL,Illinois,Christian,$3.726
IL,Illinois,Clark,$3.681
IL,Illinois,Clay,$3.713
IL,Illinois,Clinton,$3.665
IL,Illinois,Coles,$3.730
IL,Illinois,Cook,$4.403
IL,Illinois,Crawford,$3.719
IL,Illinois,Cumberland,$3.732
IL,Illinois,Dewitt,$3.789
IL,Illinois,De Kalb,$3.802
IL,Illinois,Douglas,$3.583
IL,Illinois,Du Page,$4.306
IL,Illinois,Edgar,$3.731
IL,Illinois,Edwards,$3.799
IL,Illinois,Effingham,$3.538
IL,Illinois,Fayette,$3.801
IL,Illinois,Ford,$3.729
IL,Illinois,Franklin,$3.782
IL,Illinois,Fulton,$3.730
IL,Illinois,Gallatin,$3.432
IL,Illinois,Greene,$3.711
IL,Illinois,Grundy,$3.909
IL,Illinois,Hamilton,$3.579
IL,Illinois,Hancock,$3.734
IL,Illinois,Hardin,$3.499
IL,Illinois,Henderson,$3.719
IL,Illinois,Henry,$3.672
IL,Illinois,Iroquois,$3.670
IL,Illinois,Jackson,$3.769
IL,Illinois,Jasper,$3.799
IL,Illinois,Jefferson,$3.654
IL,Illinois,Jersey,$3.786
IL,Illinois,Jo Daviess,$3.717
IL,Illinois,Johnson,$3.671
IL,Illinois,Kane,$4.229
IL,Illinois,Kankakee,$3.817
IL,Illinois,Kendall,$4.075
IL,Illinois,Knox,$3.688
IL,Illinois,La Salle,$3.670
IL,Illinois,Lake,$4.229
IL,Illinois,Lawrence,$3.631
IL,Illinois,Lee,$3.831
IL,Illinois,Livingston,$3.797
IL,Illinois,Logan,$3.749
IL,Illinois,Macon,$3.680
IL,Illinois,Macoupin,$3.731
IL,Illinois,Madison,$3.664
IL,Illinois,Marion,$3.641
IL,Illinois,Marshall,$3.780
IL,Illinois,Mason,$3.811
IL,Illinois,Massac,$3.669
IL,Illinois,McDonough,$3.665
IL,Illinois,McHenry,$4.191
IL,Illinois,McLean,$3.757
IL,Illinois,Menard,$3.766
IL,Illinois,Mercer,$3.729
IL,Illinois,Monroe,$3.825
IL,Illinois,Montgomery,$3.731
IL,Illinois,Morgan,$3.680
IL,Illinois,Moultrie,$3.709
IL,Illinois,Ogle,$3.786
IL,Illinois,Peoria,$3.745
IL,Illinois,Perry,$3.796
IL,Illinois,Piatt,$3.820
IL,Illinois,Pike,$3.720
IL,Illinois,Pope,$3.599
IL,Illinois,Pulaski,$3.649
IL,Illinois,Putnam,$3.649
IL,Illinois,Randolph,$3.738
IL,Illinois,Richland,$3.559
IL,Illinois,Rock Island,$3.593
IL,Illinois,Saline,$3.687
IL,Illinois,Sangamon,$3.712
IL,Illinois,Schuyler,$3.655
IL,Illinois,Scott,$3.482
IL,Illinois,Shelby,$3.662
IL,Illinois,Saint Clair,$3.809
IL,Illinois,Stark,$3.799
IL,Illinois,Stephenson,$3.804
IL,Illinois,Tazewell,$3.778
IL,Illinois,Union,$3.732
IL,Illinois,Vermilion,$3.719
IL,Illinois,Wabash,$3.533
IL,Illinois,Warren,$3.718
IL,Illinois,Washington,$3.731
IL,Illinois,Wayne,$3.698
IL,Illinois,White,$3.629
IL,Illinois,Whiteside,$3.849
IL,Illinois,Will,$4.244
IL,Illinois,Williamson,$3.707
IL,Illinois,Winnebago,$3.769
IL,Illinois,Woodford,$3.751
OR,Oregon,Baker,$3.804
OR,Oregon,Benton,$3.558
OR,Oregon,Clackamas,$3.974
OR,Oregon,Clatsop,$4.215
OR,Oregon,Columbia,$4.107
OR,Oregon,Coos,$4.136
OR,Oregon,Crook,$3.876
OR,Oregon,Curry,$4.272
OR,Oregon,Deschutes,$3.762
OR,Oregon,Douglas,$3.835
OR,Oregon,Gilliam,$3.909
OR,Oregon,Grant,$4.121
OR,Oregon,Harney,$4.196
OR,Oregon,Hood River,$3.924
OR,Oregon,Jackson,$3.998
OR,Oregon,Jefferson,$3.716
OR,Oregon,Josephine,$4.073
OR,Oregon,Klamath,$3.953
OR,Oregon,Lake,$4.004
OR,Oregon,Lane,$3.774
OR,Oregon,Lincoln,$3.686
OR,Oregon,Linn,$3.658
OR,Oregon,Malheur,$3.857
OR,Oregon,Marion,$3.869
OR,Oregon,Morrow,$3.825
OR,Oregon,Multnomah,$4.141
OR,Oregon,Polk,$3.838
OR,Oregon,Sherman,$3.839
OR,Oregon,Tillamook,$4.080
OR,Oregon,Umatilla,$3.784
OR,Oregon,Union,$4.005
OR,Oregon,Wallowa,$4.252
OR,Oregon,Wasco,$3.978
OR,Oregon,Washington,$4.102
OR,Oregon,Wheeler,
OR,Oregon,Yamhill,$3.874
NV,Nevada,Carson City,$3.602
NV,Nevada,Churchill,$3.938
NV,Nevada,Clark,$3.856
NV,Nevada,Douglas,$3.661
NV,Nevada,Elko,$3.644
NV,Nevada,Esmeralda,
NV,Nevada,Eureka,$3.999
NV,Nevada,Humboldt,$3.696
NV,Nevada,Lander,$3.809
NV,Nevada,Lincoln,$3.817
NV,Nevada,Lyon,$3.838
NV,Nevada,Mineral,$4.787
NV,Nevada,Nye,$3.627
NV,Nevada,Pershing,$4.227
NV,Nevada,Storey,$4.009
NV,Nevada,Washoe,$4.516
NV,Nevada,White Pine,$3.711
AK,Alaska,Aleutians East,
AK,Alaska,Aleutians West,
AK,Alaska,Anchorage,$3.797
AK,Alaska,Bethel,
AK,Alaska,Bristol Bay,
AK,Alaska,Denali,$4.061
AK,Alaska,Dillingham,
AK,Alaska,Fairbanks North Star,$3.612
AK,Alaska,Haines,$5.069
AK,Alaska,Juneau,$3.942
AK,Alaska,Kenai Peninsula,$3.825
AK,Alaska,Ketchikan Gateway,$3.819
AK,Alaska,Kodiak Island,$4.669
AK,Alaska,Matanuska Susitna,$3.647
AK,Alaska,Nome,
AK,Alaska,North Slope,
AK,Alaska,Northwest Arctic,
AK,Alaska,Lake and Peninsula,
AK,Alaska,Prince Wales Ketchikan,$4.759
AK,Alaska,Sitka,$4.749
AK,Alaska,Skagway Hoonah Angoon,
AK,Alaska,Southeast Fairbanks,$3.898
AK,Alaska,Valdez Cordova,$4.430
AK,Alaska,Wade Hampton,
AK,Alaska,Wrangell Petersburg,$4.559
AK,Alaska,Yakutat,
AK,Alaska,Yukon Koyukuk,
MI,Michigan,Alcona,$3.708
MI,Michigan,Alger,$3.560
MI,Michigan,Allegan,$3.797
MI,Michigan,Alpena,$3.715
MI,Michigan,Antrim,$3.774
MI,Michigan,Arenac,$3.770
MI,Michigan,Baraga,$3.527
MI,Michigan,Barry,$3.850
MI,Michigan,Bay,$3.815
MI,Michigan,Benzie,$3.783
MI,Michigan,Berrien,$3.762
MI,Michigan,Branch,$3.827
MI,Michigan,Calhoun,$3.720
MI,Michigan,Cass,$3.600
MI,Michigan,Charlevoix,$3.778
MI,Michigan,Cheboygan,$3.813
MI,Michigan,Chippewa,$3.752
MI,Michigan,Clare,$3.737
MI,Michigan,Clinton,$3.723
MI,Michigan,Crawford,$3.909
MI,Michigan,Delta,$3.532
MI,Michigan,Dickinson,$3.520
MI,Michigan,Eaton,$3.759
MI,Michigan,Emmet,$3.782
MI,Michigan,Genesee,$3.719
MI,Michigan,Gladwin,$3.771
MI,Michigan,Gogebic,$3.539
MI,Michigan,Grand Traverse,$3.734
MI,Michigan,Gratiot,$3.731
MI,Michigan,Hillsdale,$3.638
MI,Michigan,Houghton,$3.516
MI,Michigan,Huron,$3.729
MI,Michigan,Ingham,$3.802
MI,Michigan,Ionia,$3.700
MI,Michigan,Iosco,$3.683
MI,Michigan,Iron,$3.666
MI,Michigan,Isabella,$3.813
MI,Michigan,Jackson,$3.768
MI,Michigan,Kalamazoo,$3.772
MI,Michigan,Kalkaska,$3.773
MI,Michigan,Kent,$3.798
MI,Michigan,Keweenaw,$3.699
MI,Michigan,Lake,$3.730
MI,Michigan,Lapeer,$3.733
MI,Michigan,Leelanau,$3.792
MI,Michigan,Lenawee,$3.645
MI,Michigan,Livingston,$3.851
MI,Michigan,Luce,$3.530
MI,Michigan,Mackinac,$3.904
MI,Michigan,Macomb,$3.718
MI,Michigan,Manistee,$3.758
MI,Michigan,Marquette,$3.460
MI,Michigan,Mason,$3.646
MI,Michigan,Mecosta,$3.762
MI,Michigan,Menominee,$3.488
MI,Michigan,Midland,$3.765
MI,Michigan,Missaukee,$3.600
MI,Michigan,Monroe,$3.721
MI,Michigan,Montcalm,$3.684
MI,Michigan,Montmorency,$3.519
MI,Michigan,Muskegon,$3.700
MI,Michigan,Newaygo,$3.704
MI,Michigan,Oakland,$3.743
MI,Michigan,Oceana,$3.789
MI,Michigan,Ogemaw,$3.662
MI,Michigan,Ontonagon,$3.604
MI,Michigan,Osceola,$3.735
MI,Michigan,Oscoda,$3.769
MI,Michigan,Otsego,$3.804
MI,Michigan,Ottawa,$3.767
MI,Michigan,Presque Isle,$3.792
MI,Michigan,Roscommon,$3.539
MI,Michigan,Saginaw,$3.731
MI,Michigan,Sanilac,$3.560
MI,Michigan,Schoolcraft,$3.678
MI,Michigan,Shiawassee,$3.760
MI,Michigan,Saint Clair,$3.712
MI,Michigan,Saint Joseph,$3.653
MI,Michigan,Tuscola,$3.692
MI,Michigan,Van Buren,$3.704
MI,Michigan,Washtenaw,$3.725
MI,Michigan,Wayne,$3.614
MI,Michigan,Wexford,$3.692
IN,Indiana,Adams,$3.707
IN,Indiana,Allen,$3.690
IN,Indiana,Bartholomew,$3.719
IN,Indiana,Benton,$3.706
IN,Indiana,Blackford,$3.634
IN,Indiana,Boone,$3.667
IN,Indiana,Brown,$3.799
IN,Indiana,Carroll,$3.784
IN,Indiana,Cass,$3.776
IN,Indiana,Clark,$3.665
IN,Indiana,Clay,$3.692
IN,Indiana,Clinton,$3.681
IN,Indiana,Crawford,$3.498
IN,Indiana,Daviess,$3.541
IN,Indiana,De Kalb,$3.747
IN,Indiana,Dearborn,$3.521
IN,Indiana,Decatur,$3.589
IN,Indiana,Delaware,$3.670
IN,Indiana,Dubois,$3.366
IN,Indiana,Elkhart,$3.639
IN,Indiana,Fayette,$3.684
IN,Indiana,Floyd,$3.728
IN,Indiana,Fountain,$3.591
IN,Indiana,Franklin,$3.674
IN,Indiana,Fulton,$3.786
IN,Indiana,Gibson,$3.313
IN,Indiana,Grant,$3.637
IN,Indiana,Greene,$3.364
IN,Indiana,Hamilton,$3.717
IN,Indiana,Hancock,$3.712
IN,Indiana,Harrison,$3.548
IN,Indiana,Hendricks,$3.686
IN,Indiana,Henry,$3.660
IN,Indiana,Howard,$3.669
IN,Indiana,Huntington,$3.697
IN,Indiana,Jackson,$3.601
IN,Indiana,Jasper,$3.700
IN,Indiana,Jay,$3.473
IN,Indiana,Jefferson,$3.666
IN,Indiana,Jennings,$3.779
IN,Indiana,Johnson,$3.686
IN,Indiana,Knox,$3.412
IN,Indiana,Kosciusko,$3.702
IN,Indiana,La Porte,$3.701
IN,Indiana,Lagrange,$3.687
IN,Indiana,Lake,$4.103
IN,Indiana,Lawrence,$3.496
IN,Indiana,Madison,$3.627
IN,Indiana,Marion,$3.654
IN,Indiana,Marshall,$3.704
IN,Indiana,Martin,$3.369
IN,Indiana,Miami,$3.674
IN,Indiana,Monroe,$3.750
IN,Indiana,Montgomery,$3.683
IN,Indiana,Morgan,$3.703
IN,Indiana,Newton,$3.622
IN,Indiana,Noble,$3.719
IN,Indiana,Ohio,$3.466
IN,Indiana,Orange,$3.325
IN,Indiana,Owen,$3.749
IN,Indiana,Parke,$3.666
IN,Indiana,Perry,$3.403
IN,Indiana,Pike,$3.402
IN,Indiana,Porter,$4.152
IN,Indiana,Posey,$3.345
IN,Indiana,Pulaski,$3.788
IN,Indiana,Putnam,$3.733
IN,Indiana,Randolph,$3.609
IN,Indiana,Ripley,$3.566
IN,Indiana,Rush,$3.707
IN,Indiana,Scott,$3.593
IN,Indiana,Shelby,$3.689
IN,Indiana,Spencer,$3.386
IN,Indiana,Saint Joseph,
IN,Indiana,Starke,$3.704
IN,Indiana,Steuben,$3.690
IN,Indiana,Sullivan,$3.647
IN,Indiana,Switzerland,$3.439
IN,Indiana,Tippecanoe,$3.726
IN,Indiana,Tipton,$3.663
IN,Indiana,Union,$3.449
IN,Indiana,Vanderburgh,$3.418
IN,Indiana,Vermillion,$3.765
IN,Indiana,Vigo,$3.638
IN,Indiana,Wabash,$3.639
IN,Indiana,Warren,$3.669
IN,Indiana,Warrick,$3.282
IN,Indiana,Washington,$3.414
IN,Indiana,Wayne,$3.699
IN,Indiana,Wells,$3.611
IN,Indiana,White,$3.741
IN,Indiana,Whitley,$3.757
PA,Pennsylvania,Adams,$3.653
PA,Pennsylvania,Allegheny,$3.742
PA,Pennsylvania,Armstrong,$3.762
PA,Pennsylvania,Beaver,$3.807
PA,Pennsylvania,Bedford,$3.652
PA,Pennsylvania,Berks,$3.591
PA,Pennsylvania,Blair,$3.680
PA,Pennsylvania,Bradford,$3.687
PA,Pennsylvania,Bucks,$3.571
PA,Pennsylvania,Butler,$3.647
PA,Pennsylvania,Cambria,$3.779
PA,Pennsylvania,Cameron,$3.799
PA,Pennsylvania,Carbon,$3.533
PA,Pennsylvania,Centre,$3.642
PA,Pennsylvania,Chester,$3.544
PA,Pennsylvania,Clarion,$3.737
PA,Pennsylvania,Clearfield,$3.727
PA,Pennsylvania,Clinton,$3.489
PA,Pennsylvania,Columbia,$3.563
PA,Pennsylvania,Crawford,$3.768
PA,Pennsylvania,Cumberland,$3.624
PA,Pennsylvania,Dauphin,$3.637
PA,Pennsylvania,Delaware,$3.567
PA,Pennsylvania,Elk,$3.838
PA,Pennsylvania,Erie,$3.675
PA,Pennsylvania,Fayette,$3.756
PA,Pennsylvania,Forest,$3.747
PA,Pennsylvania,Franklin,$3.591
PA,Pennsylvania,Fulton,$3.643
PA,Pennsylvania,Greene,$3.810
PA,Pennsylvania,Huntingdon,$3.708
PA,Pennsylvania,Indiana,$3.763
PA,Pennsylvania,Jefferson,$3.660
PA,Pennsylvania,Juniata,$3.631
PA,Pennsylvania,Lackawanna,$3.603
PA,Pennsylvania,Lancaster,$3.589
PA,Pennsylvania,Lawrence,$3.715
PA,Pennsylvania,Lebanon,$3.636
PA,Pennsylvania,Lehigh,$3.552
PA,Pennsylvania,Luzerne,$3.556
PA,Pennsylvania,Lycoming,$3.620
PA,Pennsylvania,McKean,$3.876
PA,Pennsylvania,Mercer,$3.790
PA,Pennsylvania,Mifflin,$3.721
PA,Pennsylvania,Monroe,$3.498
PA,Pennsylvania,Montgomery,$3.555
PA,Pennsylvania,Montour,$3.544
PA,Pennsylvania,Northampton,$3.505
PA,Pennsylvania,Northumberland,$3.588
PA,Pennsylvania,Perry,$3.619
PA,Pennsylvania,Philadelphia,$3.604
PA,Pennsylvania,Pike,$3.699
PA,Pennsylvania,Potter,$3.731
PA,Pennsylvania,Schuylkill,$3.547
PA,Pennsylvania,Snyder,$3.498
PA,Pennsylvania,Somerset,$3.730
PA,Pennsylvania,Sullivan,$3.676
PA,Pennsylvania,Susquehanna,$3.644
PA,Pennsylvania,Tioga,$3.677
PA,Pennsylvania,Union,$3.504
PA,Pennsylvania,Venango,$3.775
PA,Pennsylvania,Warren,$3.894
PA,Pennsylvania,Washington,$3.713
PA,Pennsylvania,Wayne,$3.658
PA,Pennsylvania,Westmoreland,$3.736
PA,Pennsylvania,Wyoming,$3.522
PA,Pennsylvania,York,$3.720
NY,New York,Albany,$3.608
NY,New York,Allegany,$3.605
NY,New York,Bronx,$3.706
NY,New York,Broome,$3.604
NY,New York,Cattaraugus,$3.510
NY,New York,Cayuga,$3.520
NY,New York,Chautauqua,$3.616
NY,New York,Chemung,$3.477
NY,New York,Chenango,$3.543
NY,New York,Clinton,$3.503
NY,New York,Columbia,$3.590
NY,New York,Cortland,$3.643
NY,New York,Delaware,$3.716
NY,New York,Dutchess,$3.611
NY,New York,Erie,$3.616
NY,New York,Essex,$3.812
NY,New York,Franklin,$3.613
NY,New York,Fulton,$3.639
NY,New York,Genesee,$3.546
NY,New York,Greene,$3.642
NY,New York,Hamilton,$3.942
NY,New York,Herkimer,$3.589
NY,New York,Jefferson,$3.638
NY,New York,Kings,$3.614
NY,New York,Lewis,$3.712
NY,New York,Livingston,$3.649
NY,New York,Madison,$3.591
NY,New York,Monroe,$3.622
NY,New York,Montgomery,$3.609
NY,New York,Nassau,$3.528
NY,New York,New York,$4.042
NY,New York,Niagara,$3.543
NY,New York,Oneida,$3.688
NY,New York,Onondaga,$3.560
NY,New York,Ontario,$3.637
NY,New York,Orange,$3.572
NY,New York,Orleans,$3.667
NY,New York,Oswego,$3.624
NY,New York,Otsego,$3.747
NY,New York,Putnam,$3.668
NY,New York,Queens,$3.641
NY,New York,Rensselaer,$3.596
NY,New York,Richmond,$3.672
NY,New York,Rockland,$3.812
NY,New York,Saratoga,$3.603
NY,New York,Schenectady,$3.529
NY,New York,Schoharie,$3.541
NY,New York,Schuyler,$3.553
NY,New York,Seneca,$3.461
NY,New York,Saint Lawrence,$3.834
NY,New York,Steuben,$3.605
NY,New York,Suffolk,$3.554
NY,New York,Sullivan,$3.623
NY,New York,Tioga,$3.578
NY,New York,Tompkins,$3.665
NY,New York,Ulster,$3.577
NY,New York,Warren,$3.683
NY,New York,Washington,$3.601
NY,New York,Wayne,$3.643
NY,New York,Westchester,$3.799
NY,New York,Wyoming,$3.595
NY,New York,Yates,$3.636
ID,Idaho,Ada,$3.587
ID,Idaho,Adams,$3.834
ID,Idaho,Bannock,$3.554
ID,Idaho,Bear Lake,$3.571
ID,Idaho,Benewah,$3.573
ID,Idaho,Bingham,$3.500
ID,Idaho,Blaine,$3.863
ID,Idaho,Boise,$3.789
ID,Idaho,Bonner,$3.646
ID,Idaho,Bonneville,$3.423
ID,Idaho,Boundary,$3.551
ID,Idaho,Butte,$3.662
ID,Idaho,Camas,$3.899
ID,Idaho,Canyon,$3.625
ID,Idaho,Caribou,$3.567
ID,Idaho,Cassia,$3.532
ID,Idaho,Clark,$3.999
ID,Idaho,Clearwater,$3.667
ID,Idaho,Custer,$3.750
ID,Idaho,Elmore,$3.568
ID,Idaho,Franklin,$3.499
ID,Idaho,Fremont,$3.973
ID,Idaho,Gem,$3.596
ID,Idaho,Gooding,$3.595
ID,Idaho,Idaho,$3.867
ID,Idaho,Jefferson,$3.471
ID,Idaho,Jerome,$3.524
ID,Idaho,Kootenai,$3.425
ID,Idaho,Latah,$3.679
ID,Idaho,Lemhi,$3.603
ID,Idaho,Lewis,$3.627
ID,Idaho,Lincoln,$3.649
ID,Idaho,Madison,$3.519
ID,Idaho,Minidoka,$3.514
ID,Idaho,Nez perce,$3.485
ID,Idaho,Oneida,$3.587
ID,Idaho,Owyhee,$3.671
ID,Idaho,Payette,$3.670
ID,Idaho,Power,$3.509
ID,Idaho,Shoshone,$3.724
ID,Idaho,Teton,$3.658
ID,Idaho,Twin falls,$3.596
ID,Idaho,Valley,$3.845
ID,Idaho,Washington,$3.677
UT,Utah,Beaver,$3.768
UT,Utah,Box Elder,$3.496
UT,Utah,Cache,$3.510
UT,Utah,Carbon,$3.413
UT,Utah,Daggett,$3.872
UT,Utah,Davis,$3.562
UT,Utah,Duchesne,$3.570
UT,Utah,Emery,$3.635
UT,Utah,Garfield,$3.782
UT,Utah,Grand,$3.740
UT,Utah,Iron,$3.469
UT,Utah,Juab,$3.573
UT,Utah,Kane,$3.822
UT,Utah,Millard,$3.536
UT,Utah,Morgan,$3.656
UT,Utah,Piute,$3.919
UT,Utah,Rich,$3.889
UT,Utah,Salt Lake,$3.570
UT,Utah,San Juan,$3.816
UT,Utah,Sanpete,$3.557
UT,Utah,Sevier,$3.502
UT,Utah,Summit,$3.671
UT,Utah,Tooele,$3.550
UT,Utah,Uintah,$3.553
UT,Utah,Utah,$3.547
UT,Utah,Wasatch,$3.553
UT,Utah,Washington,$3.629
UT,Utah,Wayne,$3.812
UT,Utah,Weber,$3.555
CT,Connecticut,Fairfield,$3.629
CT,Connecticut,Hartford,$3.556
CT,Connecticut,Litchfield,$3.567
CT,Connecticut,Middlesex,$3.583
CT,Connecticut,New Haven,$3.572
CT,Connecticut,New London,$3.567
CT,Connecticut,Tolland,$3.500
CT,Connecticut,Windham,$3.562
MT,Montana,Beaverhead,$3.621
MT,Montana,Big Horn,$3.555
MT,Montana,Blaine,$3.515
MT,Montana,Broadwater,$3.414
MT,Montana,Carbon,$3.516
MT,Montana,Carter,$3.679
MT,Montana,Cascade,$3.496
MT,Montana,Chouteau,$3.503
MT,Montana,Custer,$3.466
MT,Montana,Daniels,$3.642
MT,Montana,Dawson,$3.420
MT,Montana,Deer Lodge,$3.497
MT,Montana,Fallon,$3.594
MT,Montana,Fergus,$3.616
MT,Montana,Flathead,$3.607
MT,Montana,Gallatin,$3.511
MT,Montana,Garfield,$3.634
MT,Montana,Glacier,$3.795
MT,Montana,Golden Valley,$3.549
MT,Montana,Granite,$3.644
MT,Montana,Hill,$3.499
MT,Montana,Jefferson,$3.513
MT,Montana,Judith Basin,$3.799
MT,Montana,Lake,$3.571
MT,Montana,Lewis and Clark,$3.472
MT,Montana,Liberty,$3.586
MT,Montana,Lincoln,$3.607
MT,Montana,Madison,$3.501
MT,Montana,McCone,$3.582
MT,Montana,Meagher,$3.559
MT,Montana,Mineral,$3.659
MT,Montana,Missoula,$3.608
MT,Montana,Musselshell,$3.599
MT,Montana,Park,$3.586
MT,Montana,Petroleum,
MT,Montana,Phillips,$3.462
MT,Montana,Pondera,$3.561
MT,Montana,Powder River,$3.709
MT,Montana,Powell,$3.531
MT,Montana,Prairie,$3.544
MT,Montana,Ravalli,$3.586
MT,Montana,Richland,$3.463
MT,Montana,Roosevelt,$3.568
MT,Montana,Rosebud,$3.563
MT,Montana,Sanders,$3.590
MT,Montana,Sheridan,$3.447
MT,Montana,Silver Bow,$3.498
MT,Montana,Stillwater,$3.511
MT,Montana,Sweet Grass,$3.452
MT,Montana,Teton,$3.559
MT,Montana,Toole,$3.589
MT,Montana,Treasure,$3.599
MT,Montana,Valley,$3.519
MT,Montana,Wheatland,$3.752
MT,Montana,Wibaux,$3.519
MT,Montana,Yellowstone,$3.483
OH,Ohio,Adams,$3.411
OH,Ohio,Allen,$3.536
OH,Ohio,Ashland,$3.589
OH,Ohio,Ashtabula,$3.590
OH,Ohio,Athens,$3.605
OH,Ohio,Auglaize,$3.395
OH,Ohio,Belmont,$3.459
OH,Ohio,Brown,$3.402
OH,Ohio,Butler,$3.570
OH,Ohio,Carroll,$3.691
OH,Ohio,Champaign,$3.537
OH,Ohio,Clark,$3.511
OH,Ohio,Clermont,$3.563
OH,Ohio,Clinton,$3.520
OH,Ohio,Columbiana,$3.489
OH,Ohio,Coshocton,$3.521
OH,Ohio,Crawford,$3.574
OH,Ohio,Cuyahoga,$3.547
OH,Ohio,Darke,$3.444
OH,Ohio,Defiance,$3.532
OH,Ohio,Delaware,$3.633
OH,Ohio,Erie,$3.592
OH,Ohio,Fairfield,$3.454
OH,Ohio,Fayette,$3.571
OH,Ohio,Franklin,$3.612
OH,Ohio,Fulton,$3.515
OH,Ohio,Gallia,$3.439
OH,Ohio,Geauga,$3.560
OH,Ohio,Greene,$3.495
OH,Ohio,Guernsey,$3.568
OH,Ohio,Hamilton,$3.601
OH,Ohio,Hancock,$3.504
OH,Ohio,Hardin,$3.323
OH,Ohio,Harrison,$3.525
OH,Ohio,Henry,$3.484
OH,Ohio,Highland,$3.468
OH,Ohio,Hocking,$3.556
OH,Ohio,Holmes,$3.575
OH,Ohio,Huron,$3.612
OH,Ohio,Jackson,$3.468
OH,Ohio,Jefferson,$3.520
OH,Ohio,Knox,$3.580
OH,Ohio,Lake,$3.601
OH,Ohio,Lawrence,$3.630
OH,Ohio,Licking,$3.618
OH,Ohio,Logan,$3.515
OH,Ohio,Lorain,$3.529
OH,Ohio,Lucas,$3.540
OH,Ohio,Madison,$3.527
OH,Ohio,Mahoning,$3.478
OH,Ohio,Marion,$3.574
OH,Ohio,Medina,$3.607
OH,Ohio,Meigs,$3.338
OH,Ohio,Mercer,$3.394
OH,Ohio,Miami,$3.525
OH,Ohio,Monroe,$3.430
OH,Ohio,Montgomery,$3.487
OH,Ohio,Morgan,$3.587
OH,Ohio,Morrow,$3.591
OH,Ohio,Muskingum,$3.516
OH,Ohio,Noble,$3.567
OH,Ohio,Ottawa,$3.554
OH,Ohio,Paulding,$3.562
OH,Ohio,Perry,$3.531
OH,Ohio,Pickaway,$3.580
OH,Ohio,Pike,$3.544
OH,Ohio,Portage,$3.530
OH,Ohio,Preble,$3.485
OH,Ohio,Putnam,$3.500
OH,Ohio,Richland,$3.542
OH,Ohio,Ross,$3.510
OH,Ohio,Sandusky,$3.499
OH,Ohio,Scioto,$3.405
OH,Ohio,Seneca,$3.557
OH,Ohio,Shelby,$3.418
OH,Ohio,Stark,$3.572
OH,Ohio,Summit,$3.608
OH,Ohio,Trumbull,$3.505
OH,Ohio,Tuscarawas,$3.612
OH,Ohio,Union,$3.576
OH,Ohio,Van Wert,$3.492
OH,Ohio,Vinton,$3.376
OH,Ohio,Warren,$3.559
OH,Ohio,Washington,$3.549
OH,Ohio,Wayne,$3.577
OH,Ohio,Williams,$3.566
OH,Ohio,Wood,$3.542
OH,Ohio,Wyandot,$3.408
MA,Massachusetts,Barnstable,$3.558
MA,Massachusetts,Berkshire,$3.495
MA,Massachusetts,Bristol,$3.381
MA,Massachusetts,Dukes,$4.656
MA,Massachusetts,Essex,$3.524
MA,Massachusetts,Franklin,$3.447
MA,Massachusetts,Hampden,$3.392
MA,Massachusetts,Hampshire,$3.436
MA,Massachusetts,Middlesex,$3.553
MA,Massachusetts,Nantucket,$4.736
MA,Massachusetts,Norfolk,$3.482
MA,Massachusetts,Plymouth,$3.425
MA,Massachusetts,Suffolk,$3.666
MA,Massachusetts,Worcester,$3.478
ME,Maine,Androscoggin,$3.513
ME,Maine,Aroostook,$3.491
ME,Maine,Cumberland,$3.526
ME,Maine,Franklin,$3.491
ME,Maine,Hancock,$3.516
ME,Maine,Kennebec,$3.495
ME,Maine,Knox,$3.427
ME,Maine,Lincoln,$3.460
ME,Maine,Oxford,$3.489
ME,Maine,Penobscot,$3.442
ME,Maine,Piscataquis,$3.464
ME,Maine,Sagadahoc,$3.565
ME,Maine,Somerset,$3.455
ME,Maine,Waldo,$3.442
ME,Maine,Washington,$3.503
ME,Maine,York,$3.507
MD,Maryland,Allegany,$3.568
MD,Maryland,Anne Arundel,$3.447
MD,Maryland,Baltimore City,$3.471
MD,Maryland,Baltimore,$3.439
MD,Maryland,Calvert,$3.538
MD,Maryland,Cecil,$3.439
MD,Maryland,Charles,$3.464
MD,Maryland,Carroll,$3.420
MD,Maryland,Caroline,$3.400
MD,Maryland,Dorchester,$3.435
MD,Maryland,Frederick,$3.540
MD,Maryland,Garrett,$3.619
MD,Maryland,Harford,$3.427
MD,Maryland,Howard,$3.527
MD,Maryland,Kent,$3.446
MD,Maryland,Montgomery,$3.603
MD,Maryland,Prince Georges,$3.496
MD,Maryland,Queen Annes,$3.426
MD,Maryland,Saint Marys,$3.517
MD,Maryland,Somerset,$3.455
MD,Maryland,Talbot,$3.398
MD,Maryland,Washington,$3.509
MD,Maryland,Wicomico,$3.390
MD,Maryland,Worcester,$3.414
WI,Wisconsin,Adams,$3.509
WI,Wisconsin,Ashland,$3.350
WI,Wisconsin,Barron,$3.334
WI,Wisconsin,Bayfield,$3.406
WI,Wisconsin,Brown,$3.452
WI,Wisconsin,Buffalo,$3.157
WI,Wisconsin,Burnett,$3.331
WI,Wisconsin,Calumet,$3.465
WI,Wisconsin,Chippewa,$3.235
WI,Wisconsin,Clark,$3.354
WI,Wisconsin,Columbia,$3.413
WI,Wisconsin,Crawford,$3.426
WI,Wisconsin,Dane,$3.456
WI,Wisconsin,Dodge,$3.437
WI,Wisconsin,Door,$3.500
WI,Wisconsin,Douglas,$3.276
WI,Wisconsin,Dunn,$3.285
WI,Wisconsin,Eau Claire,$3.204
WI,Wisconsin,Florence,$3.492
WI,Wisconsin,Fond du Lac,$3.367
WI,Wisconsin,Forest,$3.412
WI,Wisconsin,Grant,$3.459
WI,Wisconsin,Green,$3.455
WI,Wisconsin,Green Lake,$3.468
WI,Wisconsin,Iowa,$3.479
WI,Wisconsin,Iron,$3.483
WI,Wisconsin,Jackson,$3.400
WI,Wisconsin,Jefferson,$3.460
WI,Wisconsin,Juneau,$3.353
WI,Wisconsin,Kenosha,$3.750
WI,Wisconsin,Kewaunee,$3.455
WI,Wisconsin,La Crosse,$3.218
WI,Wisconsin,Lafayette,$3.447
WI,Wisconsin,Langlade,$3.508
WI,Wisconsin,Lincoln,$3.531
WI,Wisconsin,Manitowoc,$3.411
WI,Wisconsin,Marathon,$3.428
WI,Wisconsin,Marinette,$3.471
WI,Wisconsin,Marquette,$3.481
WI,Wisconsin,Menominee,$3.439
WI,Wisconsin,Milwaukee,$3.633
WI,Wisconsin,Monroe,$3.420
WI,Wisconsin,Oconto,$3.408
WI,Wisconsin,Oneida,$3.542
WI,Wisconsin,Outagamie,$3.416
WI,Wisconsin,Ozaukee,$3.784
WI,Wisconsin,Pepin,$3.199
WI,Wisconsin,Pierce,$3.305
WI,Wisconsin,Polk,$3.311
WI,Wisconsin,Portage,$3.492
WI,Wisconsin,Price,$3.622
WI,Wisconsin,Racine,$3.653
WI,Wisconsin,Richland,$3.465
WI,Wisconsin,Rock,$3.352
WI,Wisconsin,Rusk,$3.356
WI,Wisconsin,Sauk,$3.320
WI,Wisconsin,Sawyer,$3.438
WI,Wisconsin,Shawano,$3.483
WI,Wisconsin,Sheboygan,$3.437
WI,Wisconsin,Saint Croix,$3.337
WI,Wisconsin,Taylor,$3.380
WI,Wisconsin,Trempealeau,$3.206
WI,Wisconsin,Vernon,$3.355
WI,Wisconsin,Vilas,$3.507
WI,Wisconsin,Walworth,$3.415
WI,Wisconsin,Washburn,$3.337
WI,Wisconsin,Washington,$3.758
WI,Wisconsin,Waukesha,$3.737
WI,Wisconsin,Waupaca,$3.442
WI,Wisconsin,Waushara,$3.481
WI,Wisconsin,Winnebago,$3.444
WI,Wisconsin,Wood,$3.430
AZ,Arizona,Apache,$3.611
AZ,Arizona,Cochise,$3.501
AZ,Arizona,Coconino,$3.652
AZ,Arizona,Gila,$3.603
AZ,Arizona,Graham,$3.605
AZ,Arizona,Greenlee,$3.532
AZ,Arizona,La Paz,$3.381
AZ,Arizona,Maricopa,$3.471
AZ,Arizona,Mohave,$3.464
AZ,Arizona,Navajo,$3.486
AZ,Arizona,Pima,$3.365
AZ,Arizona,Pinal,$3.405
AZ,Arizona,Santa Cruz,$3.512
AZ,Arizona,Yavapai,$3.511
AZ,Arizona,Yuma,$3.448
VT,Vermont,Addison,$3.382
VT,Vermont,Bennington,$3.425
VT,Vermont,Caledonia,$3.471
VT,Vermont,Chittenden,$3.487
VT,Vermont,Essex,$3.734
VT,Vermont,Franklin,$3.498
VT,Vermont,Grand Isle,$3.452
VT,Vermont,Lamoille,$3.534
VT,Vermont,Orange,$3.509
VT,Vermont,Orleans,$3.526
VT,Vermont,Rutland,$3.375
VT,Vermont,Washington,$3.495
VT,Vermont,Windham,$3.431
VT,Vermont,Windsor,$3.455
FL,Florida,Alachua,$3.512
FL,Florida,Baker,$3.404
FL,Florida,Bay,$3.151
FL,Florida,Bradford,$3.429
FL,Florida,Brevard,$3.459
FL,Florida,Broward,$3.477
FL,Florida,Calhoun,$3.499
FL,Florida,Charlotte,$3.455
FL,Florida,Citrus,$3.498
FL,Florida,Clay,$3.457
FL,Florida,Collier,$3.506
FL,Florida,Columbia,$3.484
FL,Florida,De Soto,$3.513
FL,Florida,Dixie,$3.479
FL,Florida,Duval,$3.439
FL,Florida,Escambia,$3.129
FL,Florida,Flagler,$3.497
FL,Florida,Franklin,$3.381
FL,Florida,Gadsden,$3.384
FL,Florida,Gilchrist,$3.462
FL,Florida,Glades,$3.484
FL,Florida,Gulf,$3.300
FL,Florida,Hamilton,$3.525
FL,Florida,Hardee,$3.536
FL,Florida,Hendry,$3.542
FL,Florida,Hernando,$3.493
FL,Florida,Highlands,$3.465
FL,Florida,Hillsborough,$3.489
FL,Florida,Holmes,$3.309
FL,Florida,Indian River,$3.473
FL,Florida,Jackson,$3.230
FL,Florida,Jefferson,$3.585
FL,Florida,Lafayette,$3.512
FL,Florida,Lake,$3.437
FL,Florida,Lee,$3.478
FL,Florida,Leon,$3.461
FL,Florida,Levy,$3.536
FL,Florida,Liberty,$3.499
FL,Florida,Madison,$3.589
FL,Florida,Manatee,$3.476
FL,Florida,Marion,$3.494
FL,Florida,Martin,$3.501
FL,Florida,Miami-Dade,$3.432
FL,Florida,Monroe,$3.652
FL,Florida,Nassau,$3.518
FL,Florida,Okaloosa,$3.132
FL,Florida,Okeechobee,$3.471
FL,Florida,Orange,$3.474
FL,Florida,Osceola,$3.481
FL,Florida,Palm Beach,$3.623
FL,Florida,Pasco,$3.481
FL,Florida,Pinellas,$3.481
FL,Florida,Polk,$3.472
FL,Florida,Putnam,$3.461
FL,Florida,Santa Rosa,$3.198
FL,Florida,Sarasota,$3.473
FL,Florida,Seminole,$3.484
FL,Florida,Saint Johns,$3.466
FL,Florida,Saint Lucie,$3.473
FL,Florida,Sumter,$3.493
FL,Florida,Suwannee,$3.536
FL,Florida,Taylor,$3.495
FL,Florida,Union,$3.437
FL,Florida,Volusia,$3.470
FL,Florida,Wakulla,$3.400
FL,Florida,Walton,$3.178
FL,Florida,Washington,$3.281
RI,Rhode Island,Bristol,$3.389
RI,Rhode Island,Kent,$3.446
RI,Rhode Island,Newport,$3.477
RI,Rhode Island,Providence,$3.438
RI,Rhode Island,Washington,$3.504
WV,West Virginia,Barbour,$3.359
WV,West Virginia,Berkeley,$3.493
WV,West Virginia,Boone,$3.437
WV,West Virginia,Braxton,$3.203
WV,West Virginia,Brooke,$3.464
WV,West Virginia,Cabell,$3.469
WV,West Virginia,Calhoun,$3.479
WV,West Virginia,Clay,$3.413
WV,West Virginia,Doddridge,$3.537
WV,West Virginia,Fayette,$3.461
WV,West Virginia,Gilmer,$3.409
WV,West Virginia,Grant,$3.499
WV,West Virginia,Greenbrier,$3.231
WV,West Virginia,Hampshire,$3.478
WV,West Virginia,Hancock,$3.426
WV,West Virginia,Hardy,$3.499
WV,West Virginia,Harrison,$3.459
WV,West Virginia,Jackson,$3.511
WV,West Virginia,Jefferson,$3.534
WV,West Virginia,Kanawha,$3.485
WV,West Virginia,Lewis,$3.258
WV,West Virginia,Lincoln,$3.399
WV,West Virginia,Logan,$3.471
WV,West Virginia,Marion,$3.408
WV,West Virginia,Marshall,$3.279
WV,West Virginia,Mason,$3.409
WV,West Virginia,McDowell,$3.462
WV,West Virginia,Mercer,$3.311
WV,West Virginia,Mineral,$3.298
WV,West Virginia,Mingo,$3.429
WV,West Virginia,Monongalia,$3.469
WV,West Virginia,Monroe,$3.299
WV,West Virginia,Morgan,$3.419
WV,West Virginia,Nicholas,$3.478
WV,West Virginia,Ohio,$3.507
WV,West Virginia,Pendleton,$3.599
WV,West Virginia,Pleasants,$3.482
WV,West Virginia,Pocahontas,$3.435
WV,West Virginia,Preston,$3.506
WV,West Virginia,Putnam,$3.489
WV,West Virginia,Raleigh,$3.563
WV,West Virginia,Randolph,$3.203
WV,West Virginia,Ritchie,$3.402
WV,West Virginia,Roane,$3.439
WV,West Virginia,Summers,$3.422
WV,West Virginia,Taylor,$3.327
WV,West Virginia,Tucker,$3.599
WV,West Virginia,Tyler,$3.549
WV,West Virginia,Upshur,$3.338
WV,West Virginia,Wayne,$3.440
WV,West Virginia,Webster,$3.399
WV,West Virginia,Wetzel,$3.377
WV,West Virginia,Wirt,$3.399
WV,West Virginia,Wood,$3.415
WV,West Virginia,Wyoming,$3.405
NJ,New Jersey,Atlantic,$3.380
NJ,New Jersey,Bergen,$3.421
NJ,New Jersey,Burlington,$3.335
NJ,New Jersey,Camden,$3.330
NJ,New Jersey,Cape May,$3.499
NJ,New Jersey,Cumberland,$3.372
NJ,New Jersey,Essex,$3.543
NJ,New Jersey,Gloucester,$3.359
NJ,New Jersey,Hudson,$3.475
NJ,New Jersey,Hunterdon,$3.462
NJ,New Jersey,Mercer,$3.425
NJ,New Jersey,Middlesex,$3.406
NJ,New Jersey,Monmouth,$3.453
NJ,New Jersey,Morris,$3.446
NJ,New Jersey,Ocean,$3.427
NJ,New Jersey,Passaic,$3.414
NJ,New Jersey,Salem,$3.369
NJ,New Jersey,Somerset,$3.506
NJ,New Jersey,Sussex,$3.417
NJ,New Jersey,Union,$3.426
NJ,New Jersey,Warren,$3.355
NH,New Hampshire,Belknap,$3.418
NH,New Hampshire,Carroll,$3.465
NH,New Hampshire,Cheshire,$3.327
NH,New Hampshire,Coos,$3.461
NH,New Hampshire,Grafton,$3.467
NH,New Hampshire,Hillsborough,$3.411
NH,New Hampshire,Merrimack,$3.426
NH,New Hampshire,Rockingham,$3.400
NH,New Hampshire,Strafford,$3.454
NH,New Hampshire,Sullivan,$3.334
VA,Virginia,Accomack,$3.393
VA,Virginia,Albemarle,$3.408
VA,Virginia,Alexandria City,$3.564
VA,Virginia,Alleghany,$3.329
VA,Virginia,Amelia,$3.392
VA,Virginia,Amherst,$3.435
VA,Virginia,Appomattox,$3.245
VA,Virginia,Arlington,$3.567
VA,Virginia,Augusta,$3.436
VA,Virginia,Bath,$3.484
VA,Virginia,Bedford,$3.400
VA,Virginia,Bedford City,$3.235
VA,Virginia,Bland,$3.414
VA,Virginia,Botetourt,$3.421
VA,Virginia,Bristol,$3.270
VA,Virginia,Brunswick,$3.407
VA,Virginia,Buchanan,$3.455
VA,Virginia,Buckingham,$3.432
VA,Virginia,Buena Vista City,$3.374
VA,Virginia,Campbell,$3.291
VA,Virginia,Caroline,$3.364
VA,Virginia,Carroll,$3.265
VA,Virginia,Charles City,$3.419
VA,Virginia,Charlotte,$3.389
VA,Virginia,Charlottesville City,$3.467
VA,Virginia,Chesapeake City,$3.345
VA,Virginia,Chesterfield,$3.443
VA,Virginia,Clarke,$3.514
VA,Virginia,Clifton Forge City,$3.372
VA,Virginia,Colonial Heights City,$3.408
VA,Virginia,Covington City,$3.378
VA,Virginia,Craig,$3.379
VA,Virginia,Culpeper,$3.440
VA,Virginia,Cumberland,$3.237
VA,Virginia,Danville City,$3.355
VA,Virginia,Dickenson,$3.286
VA,Virginia,Dinwiddie,$3.342
VA,Virginia,Emporia City,$3.294
VA,Virginia,Essex,$3.313
VA,Virginia,Fairfax,$3.584
VA,Virginia,Fairfax City,$3.561
VA,Virginia,Falls Church City,$3.493
VA,Virginia,Fauquier,$3.551
VA,Virginia,Floyd,$3.324
VA,Virginia,Fluvanna,$3.496
VA,Virginia,Franklin,$3.341
VA,Virginia,Franklin City,$3.154
VA,Virginia,Frederick,$3.475
VA,Virginia,Fredericksburg City,$3.487
VA,Virginia,Galax City,$3.320
VA,Virginia,Giles,$3.355
VA,Virginia,Gloucester,$3.202
VA,Virginia,Goochland,$3.397
VA,Virginia,Grayson,$3.176
VA,Virginia,Greene,$3.479
VA,Virginia,Greensville,$3.229
VA,Virginia,Halifax,$3.467
VA,Virginia,Hampton City,$3.337
VA,Virginia,Hanover,$3.513
VA,Virginia,Harrisonburg City,$3.477
VA,Virginia,Henrico,$3.479
VA,Virginia,Henry,$3.365
VA,Virginia,Highland,$3.454
VA,Virginia,Hopewell City,$3.364
VA,Virginia,Isle of Wight,$3.389
VA,Virginia,James City,$3.392
VA,Virginia,King and Queen,$3.314
VA,Virginia,King George,$3.469
VA,Virginia,King William,$3.406
VA,Virginia,Lancaster,$3.335
VA,Virginia,Lee,$3.284
VA,Virginia,Lexington City,$3.526
VA,Virginia,Loudoun,$3.536
VA,Virginia,Louisa,$3.487
VA,Virginia,Lunenburg,$3.346
VA,Virginia,Lynchburg City,$3.434
VA,Virginia,Madison,$3.518
VA,Virginia,Manassas City,$3.534
VA,Virginia,Manassas Park City,
VA,Virginia,Martinsville City,$3.337
VA,Virginia,Mathews,$3.331
VA,Virginia,Mecklenburg,$3.404
VA,Virginia,Middlesex,$3.271
VA,Virginia,Montgomery,$3.449
VA,Virginia,Nelson,$3.435
VA,Virginia,New Kent,$3.434
VA,Virginia,Newport News City,$3.349
VA,Virginia,Norfolk City,$3.362
VA,Virginia,Northampton,$3.420
VA,Virginia,Northumberland,$3.311
VA,Virginia,Norton City,$3.231
VA,Virginia,Nottoway,$3.420
VA,Virginia,Orange,$3.470
VA,Virginia,Page,$3.530
VA,Virginia,Patrick,$3.287
VA,Virginia,Petersburg City,$3.322
VA,Virginia,Pittsylvania,$3.338
VA,Virginia,Poquoson City,$3.474
VA,Virginia,Portsmouth City,$3.379
VA,Virginia,Powhatan,$3.402
VA,Virginia,Prince Edward,$3.396
VA,Virginia,Prince George,$3.325
VA,Virginia,Prince William,$3.521
VA,Virginia,Pulaski,$3.284
VA,Virginia,Radford City,$3.416
VA,Virginia,Rappahannock,$3.509
VA,Virginia,Richmond,$3.349
VA,Virginia,Richmond City,$3.474
VA,Virginia,Roanoke,$3.347
VA,Virginia,Roanoke City,$3.302
VA,Virginia,Rockbridge,$3.380
VA,Virginia,Rockingham,$3.511
VA,Virginia,Russell,$3.267
VA,Virginia,Salem,$3.403
VA,Virginia,Scott,$3.185
VA,Virginia,Shenandoah,$3.530
VA,Virginia,Smyth,$3.286
VA,Virginia,Southampton,$3.204
VA,Virginia,Spotsylvania,$3.428
VA,Virginia,Stafford,$3.449
VA,Virginia,Staunton City,$3.433
VA,Virginia,Suffolk City,$3.289
VA,Virginia,Surry,$3.316
VA,Virginia,Sussex,$3.362
VA,Virginia,Tazewell,$3.222
VA,Virginia,Virginia Beach City,$3.361
VA,Virginia,Warren,$3.357
VA,Virginia,Washington,$3.285
VA,Virginia,Waynesboro City,$3.437
VA,Virginia,Westmoreland,$3.405
VA,Virginia,Williamsburg City,
VA,Virginia,Winchester City,$3.491
VA,Virginia,Wise,$3.261
VA,Virginia,Wythe,$3.237
VA,Virginia,York,$3.264
DE,Delaware,Kent,$3.400
DE,Delaware,New castle,$3.401
DE,Delaware,Sussex,$3.392
ND,North Dakota,Adams,$3.494
ND,North Dakota,Barnes,$3.189
ND,North Dakota,Benson,$3.349
ND,North Dakota,Billings,$3.209
ND,North Dakota,Bottineau,$3.499
ND,North Dakota,Bowman,$3.574
ND,North Dakota,Burke,$3.436
ND,North Dakota,Burleigh,$3.468
ND,North Dakota,Cass,$3.214
ND,North Dakota,Cavalier,$3.344
ND,North Dakota,Dickey,$3.199
ND,North Dakota,Divide,$3.496
ND,North Dakota,Dunn,$3.657
ND,North Dakota,Eddy,$3.349
ND,North Dakota,Emmons,$3.466
ND,North Dakota,Foster,$3.241
ND,North Dakota,Golden Valley,$3.449
ND,North Dakota,Grand Forks,$3.254
ND,North Dakota,Grant,$3.599
ND,North Dakota,Griggs,$3.279
ND,North Dakota,Hettinger,$3.499
ND,North Dakota,Kidder,$3.385
ND,North Dakota,LaMoure,$3.324
ND,North Dakota,Logan,$3.399
ND,North Dakota,McHenry,$3.502
ND,North Dakota,McIntosh,$3.449
ND,North Dakota,McKenzie,$3.600
ND,North Dakota,McLean,$3.429
ND,North Dakota,Mercer,$3.442
ND,North Dakota,Morton,$3.455
ND,North Dakota,Mountrail,$3.550
ND,North Dakota,Nelson,$3.306
ND,North Dakota,Oliver,$3.399
ND,North Dakota,Pembina,$3.299
ND,North Dakota,Pierce,$3.499
ND,North Dakota,Ramsey,$3.369
ND,North Dakota,Ransom,$3.243
ND,North Dakota,Renville,$3.512
ND,North Dakota,Richland,$3.262
ND,North Dakota,Rolette,$3.542
ND,North Dakota,Sargent,$3.311
ND,North Dakota,Sheridan,$3.499
ND,North Dakota,Sioux,$3.399
ND,North Dakota,Slope,
ND,North Dakota,Stark,$3.539
ND,North Dakota,Steele,$3.382
ND,North Dakota,Stutsman,$3.337
ND,North Dakota,Towner,$3.444
ND,North Dakota,Traill,$3.275
ND,North Dakota,Walsh,$3.305
ND,North Dakota,Ward,$3.483
ND,North Dakota,Wells,$3.374
ND,North Dakota,Williams,$3.488
GA,Georgia,Appling,$3.298
GA,Georgia,Atkinson,$3.339
GA,Georgia,Bacon,$3.393
GA,Georgia,Bibb,$3.317
GA,Georgia,Bulloch,$3.320
GA,Georgia,Baldwin,$3.323
GA,Georgia,Brantley,$3.399
GA,Georgia,Ben Hill,$3.314
GA,Georgia,Berrien,$3.283
GA,Georgia,Baker,$3.409
GA,Georgia,Bleckley,$3.441
GA,Georgia,Banks,$3.348
GA,Georgia,Brooks,$3.406
GA,Georgia,Bryan,$3.389
GA,Georgia,Butts,$3.291
GA,Georgia,Bartow,$3.286
GA,Georgia,Burke,$3.304
GA,Georgia,Barrow,$3.343
GA,Georgia,Chatham,$3.428
GA,Georgia,Cobb,$3.417
GA,Georgia,Chattahoochee,$3.299
GA,Georgia,Crawford,$3.504
GA,Georgia,Cherokee,$3.364
GA,Georgia,Coffee,$3.377
GA,Georgia,Chattooga,$3.198
GA,Georgia,Charlton,$3.388
GA,Georgia,Clinch,$3.395
GA,Georgia,Clarke,$3.328
GA,Georgia,Calhoun,$3.499
GA,Georgia,Camden,$3.372
GA,Georgia,Candler,$3.430
GA,Georgia,Cook,$3.420
GA,Georgia,Crisp,$3.248
GA,Georgia,Colquitt,$3.297
GA,Georgia,Carroll,$3.302
GA,Georgia,Catoosa,$3.206
GA,Georgia,Clayton,$3.378
GA,Georgia,Columbia,$3.305
GA,Georgia,Coweta,$3.402
GA,Georgia,Clay,$3.366
GA,Georgia,Dade,$3.201
GA,Georgia,Decatur,$3.295
GA,Georgia,Douglas,$3.380
GA,Georgia,DeKalb,$3.397
GA,Georgia,Dooly,$3.338
GA,Georgia,Dodge,$3.476
GA,Georgia,Dougherty,$3.281
GA,Georgia,Dawson,$3.407
GA,Georgia,Early,$3.461
GA,Georgia,Echols,$3.359
GA,Georgia,Effingham,$3.354
GA,Georgia,Elbert,$3.209
GA,Georgia,Emanuel,$3.475
GA,Georgia,Evans,$3.298
GA,Georgia,Fannin,$3.363
GA,Georgia,Floyd,$3.269
GA,Georgia,Forsyth,$3.390
GA,Georgia,Franklin,$3.404
GA,Georgia,Fulton,$3.516
GA,Georgia,Fayette,$3.404
GA,Georgia,Greene,$3.488
GA,Georgia,Gilmer,$3.327
GA,Georgia,Glascock,$3.244
GA,Georgia,Gordon,$3.288
GA,Georgia,Grady,$3.341
GA,Georgia,Gwinnett,$3.330
GA,Georgia,Glynn,$3.361
GA,Georgia,Habersham,$3.327
GA,Georgia,Heard,$3.462
GA,Georgia,Harris,$3.361
GA,Georgia,Hall,$3.342
GA,Georgia,Hancock,$3.444
GA,Georgia,Houston,$3.255
GA,Georgia,Haralson,$3.242
GA,Georgia,Hart,$3.251
GA,Georgia,Henry,$3.334
GA,Georgia,Irwin,$3.369
GA,Georgia,Jackson,$3.340
GA,Georgia,Jeff Davis,$3.344
GA,Georgia,Jefferson,$3.383
GA,Georgia,Jenkins,$3.374
GA,Georgia,Jones,$3.299
GA,Georgia,Johnson,$3.374
GA,Georgia,Jasper,$3.335
GA,Georgia,Lamar,$3.270
GA,Georgia,Lincoln,$3.339
GA,Georgia,Lee,$3.300
GA,Georgia,Liberty,$3.327
GA,Georgia,Lanier,$3.216
GA,Georgia,Long,$3.449
GA,Georgia,Lumpkin,$3.433
GA,Georgia,Laurens,$3.296
GA,Georgia,Lowndes,$3.336
GA,Georgia,Macon,$3.406
GA,Georgia,Mcduffie,$3.345
GA,Georgia,Madison,$3.367
GA,Georgia,Meriwether,$3.375
GA,Georgia,Montgomery,$3.327
GA,Georgia,Mcintosh,$3.368
GA,Georgia,Miller,$3.511
GA,Georgia,Morgan,$3.301
GA,Georgia,Monroe,$3.362
GA,Georgia,Marion,$3.299
GA,Georgia,Muscogee,$3.287
GA,Georgia,Mitchell,$3.409
GA,Georgia,Murray,$3.216
GA,Georgia,Newton,$3.350
GA,Georgia,Oconee,$3.397
GA,Georgia,Oglethorpe,$3.426
GA,Georgia,Peach,$3.326
GA,Georgia,Pickens,$3.295
GA,Georgia,Paulding,$3.390
GA,Georgia,Pierce,$3.452
GA,Georgia,Pike,$3.407
GA,Georgia,Pulaski,$3.488
GA,Georgia,Polk,$3.330
GA,Georgia,Putnam,$3.387
GA,Georgia,Quitman,$3.179
GA,Georgia,Randolph,$3.299
GA,Georgia,Rabun,$3.357
GA,Georgia,Richmond,$3.314
GA,Georgia,Rockdale,$3.393
GA,Georgia,Schley,$3.139
GA,Georgia,Stephens,$3.270
GA,Georgia,Seminole,$3.354
GA,Georgia,Spalding,$3.405
GA,Georgia,Screven,$3.386
GA,Georgia,Stewart,$3.379
GA,Georgia,Sumter,$3.262
GA,Georgia,Taliaferro,$3.419
GA,Georgia,Talbot,$3.393
GA,Georgia,Treutlen,$3.349
GA,Georgia,Telfair,$3.461
GA,Georgia,Thomas,$3.390
GA,Georgia,Tift,$3.333
GA,Georgia,Terrell,$3.304
GA,Georgia,Toombs,$3.367
GA,Georgia,Towns,$3.195
GA,Georgia,Troup,$3.322
GA,Georgia,Tattnall,$3.347
GA,Georgia,Turner,$3.329
GA,Georgia,Twiggs,$3.394
GA,Georgia,Taylor,$3.426
GA,Georgia,Union,$3.273
GA,Georgia,Upson,$3.359
GA,Georgia,Ware,$3.370
GA,Georgia,Wilcox,$3.299
GA,Georgia,Wheeler,$3.559
GA,Georgia,Washington,$3.227
GA,Georgia,Whitfield,$3.291
GA,Georgia,Wilkinson,$3.368
GA,Georgia,Walker,$3.153
GA,Georgia,Wilkes,$3.395
GA,Georgia,Walton,$3.303
GA,Georgia,Worth,$3.381
GA,Georgia,Warren,$3.391
GA,Georgia,Webster,$3.299
GA,Georgia,White,$3.389
GA,Georgia,Wayne,$3.378
CO,Colorado,Adams,$3.287
CO,Colorado,Alamosa,$3.421
CO,Colorado,Arapahoe,$3.286
CO,Colorado,Archuleta,$3.739
CO,Colorado,Baca,$3.386
CO,Colorado,Bent,$3.216
CO,Colorado,Boulder,$3.389
CO,Colorado,Broomfield,$3.281
CO,Colorado,Chaffee,$3.533
CO,Colorado,Cheyenne,$3.249
CO,Colorado,Clear Creek,$3.388
CO,Colorado,Conejos,$3.372
CO,Colorado,Costilla,$3.466
CO,Colorado,Crowley,$3.279
CO,Colorado,Custer,$3.499
CO,Colorado,Delta,$3.321
CO,Colorado,Denver,$3.324
CO,Colorado,Dolores,$3.799
CO,Colorado,Douglas,$3.378
CO,Colorado,Eagle,$3.659
CO,Colorado,El Paso,$3.287
CO,Colorado,Elbert,$3.204
CO,Colorado,Fremont,$3.273
CO,Colorado,Garfield,$3.547
CO,Colorado,Gilpin,$3.549
CO,Colorado,Grand,$3.559
CO,Colorado,Gunnison,$3.465
CO,Colorado,Hinsdale,$4.174
CO,Colorado,Huerfano,$3.380
CO,Colorado,Jackson,$3.599
CO,Colorado,Jefferson,$3.281
CO,Colorado,Kiowa,$3.242
CO,Colorado,Kit Carson,$3.340
CO,Colorado,La Plata,$3.793
CO,Colorado,Lake,$3.599
CO,Colorado,Larimer,$3.326
CO,Colorado,Las Animas,$3.370
CO,Colorado,Lincoln,$3.149
CO,Colorado,Logan,$3.349
CO,Colorado,Mesa,$3.281
CO,Colorado,Mineral,$3.649
CO,Colorado,Moffat,$3.499
CO,Colorado,Montezuma,$3.700
CO,Colorado,Montrose,$3.404
CO,Colorado,Morgan,$3.383
CO,Colorado,Otero,$3.282
CO,Colorado,Ouray,$3.726
CO,Colorado,Park,$3.506
CO,Colorado,Phillips,$3.534
CO,Colorado,Pitkin,$4.647
CO,Colorado,Prowers,$3.135
CO,Colorado,Pueblo,$3.301
CO,Colorado,Rio Blanco,$3.592
CO,Colorado,Rio Grande,$3.426
CO,Colorado,Routt,$3.745
CO,Colorado,Saguache,$3.462
CO,Colorado,San Juan,$3.899
CO,Colorado,San Miguel,$3.866
CO,Colorado,Sedgwick,$3.286
CO,Colorado,Summit,$3.632
CO,Colorado,Teller,$3.375
CO,Colorado,Washington,$3.281
CO,Colorado,Weld,$3.312
CO,Colorado,Yuma,$3.411
NC,North Carolina,Alamance,$3.320
NC,North Carolina,Alexander,$3.178
NC,North Carolina,Alleghany,$3.220
NC,North Carolina,Anson,$3.380
NC,North Carolina,Ashe,$3.277
NC,North Carolina,Avery,$3.259
NC,North Carolina,Beaufort,$3.324
NC,North Carolina,Bertie,$3.285
NC,North Carolina,Bladen,$3.196
NC,North Carolina,Brunswick,$3.213
NC,North Carolina,Buncombe,$3.296
NC,North Carolina,Burke,$3.160
NC,North Carolina,Cabarrus,$3.333
NC,North Carolina,Caldwell,$3.188
NC,North Carolina,Camden,$3.276
NC,North Carolina,Carteret,$3.422
NC,North Carolina,Caswell,$3.387
NC,North Carolina,Catawba,$3.281
NC,North Carolina,Chatham,$3.421
NC,North Carolina,Cherokee,$3.352
NC,North Carolina,Chowan,$3.381
NC,North Carolina,Clay,$3.199
NC,North Carolina,Cleveland,$3.270
NC,North Carolina,Columbus,$3.201
NC,North Carolina,Craven,$3.212
NC,North Carolina,Cumberland,$3.380
NC,North Carolina,Currituck,$3.256
NC,North Carolina,Dare,$3.373
NC,North Carolina,Davidson,$3.269
NC,North Carolina,Davie,$3.285
NC,North Carolina,Duplin,$3.388
NC,North Carolina,Durham,$3.525
NC,North Carolina,Edgecombe,$3.385
NC,North Carolina,Forsyth,$3.292
NC,North Carolina,Franklin,$3.429
NC,North Carolina,Gaston,$3.297
NC,North Carolina,Gates,$3.387
NC,North Carolina,Graham,$3.399
NC,North Carolina,Granville,$3.438
NC,North Carolina,Greene,$3.409
NC,North Carolina,Guilford,$3.373
NC,North Carolina,Halifax,$3.379
NC,North Carolina,Harnett,$3.344
NC,North Carolina,Haywood,$3.335
NC,North Carolina,Henderson,$3.334
NC,North Carolina,Hertford,$3.208
NC,North Carolina,Hoke,$3.410
NC,North Carolina,Hyde,$3.539
NC,North Carolina,Iredell,$3.280
NC,North Carolina,Jackson,$3.391
NC,North Carolina,Johnston,$3.415
NC,North Carolina,Jones,$3.379
NC,North Carolina,Lee,$3.290
NC,North Carolina,Lenoir,$3.277
NC,North Carolina,Lincoln,$3.244
NC,North Carolina,Macon,$3.336
NC,North Carolina,Madison,$3.499
NC,North Carolina,Martin,$3.267
NC,North Carolina,McDowell,$3.172
NC,North Carolina,Mecklenburg,$3.353
NC,North Carolina,Mitchell,$3.173
NC,North Carolina,Montgomery,$3.327
NC,North Carolina,Moore,$3.450
NC,North Carolina,Nash,$3.468
NC,North Carolina,New Hanover,$3.401
NC,North Carolina,Northampton,$3.338
NC,North Carolina,Onslow,$3.279
NC,North Carolina,Orange,$3.483
NC,North Carolina,Pamlico,$3.474
NC,North Carolina,Pasquotank,$3.261
NC,North Carolina,Pender,$3.157
NC,North Carolina,Perquimans,$3.381
NC,North Carolina,Person,$3.342
NC,North Carolina,Pitt,$3.340
NC,North Carolina,Polk,$3.413
NC,North Carolina,Randolph,$3.295
NC,North Carolina,Richmond,$3.287
NC,North Carolina,Robeson,$3.235
NC,North Carolina,Rockingham,$3.261
NC,North Carolina,Rowan,$3.316
NC,North Carolina,Rutherford,$3.232
NC,North Carolina,Sampson,$3.199
NC,North Carolina,Scotland,$3.215
NC,North Carolina,Stanly,$3.316
NC,North Carolina,Stokes,$3.287
NC,North Carolina,Surry,$3.285
NC,North Carolina,Swain,$3.379
NC,North Carolina,Transylvania,$3.401
NC,North Carolina,Tyrrell,$3.381
NC,North Carolina,Union,$3.327
NC,North Carolina,Vance,$3.466
NC,North Carolina,Wake,$3.429
NC,North Carolina,Warren,$3.466
NC,North Carolina,Washington,$3.026
NC,North Carolina,Watauga,$3.180
NC,North Carolina,Wayne,$3.343
NC,North Carolina,Wilkes,$3.235
NC,North Carolina,Wilson,$3.275
NC,North Carolina,Yadkin,$3.193
NC,North Carolina,Yancey,$3.192
WY,Wyoming,Albany,$3.345
WY,Wyoming,Big Horn,$3.488
WY,Wyoming,Campbell,$3.308
WY,Wyoming,Carbon,$3.254
WY,Wyoming,Converse,$3.244
WY,Wyoming,Crook,$3.450
WY,Wyoming,Fremont,$3.273
WY,Wyoming,Goshen,$3.086
WY,Wyoming,Hot Springs,$3.362
WY,Wyoming,Johnson,$3.405
WY,Wyoming,Laramie,$3.159
WY,Wyoming,Lincoln,$3.475
WY,Wyoming,Natrona,$3.058
WY,Wyoming,Niobrara,$3.464
WY,Wyoming,Park,$3.670
WY,Wyoming,Platte,$3.628
WY,Wyoming,Sheridan,$3.262
WY,Wyoming,Sublette,$3.479
WY,Wyoming,Sweetwater,$3.248
WY,Wyoming,Teton,$3.851
WY,Wyoming,Uinta,$3.310
WY,Wyoming,Washakie,$3.394
WY,Wyoming,Weston,$3.243
KY,Kentucky,Adair,$3.319
KY,Kentucky,Allen,$3.143
KY,Kentucky,Anderson,$3.155
KY,Kentucky,Ballard,$3.163
KY,Kentucky,Barren,$3.314
KY,Kentucky,Bath,$3.369
KY,Kentucky,Bell,$3.002
KY,Kentucky,Boone,$3.454
KY,Kentucky,Bourbon,$3.367
KY,Kentucky,Boyd,$3.350
KY,Kentucky,Boyle,$3.126
KY,Kentucky,Bracken,$3.221
KY,Kentucky,Breathitt,$3.275
KY,Kentucky,Breckinridge,$3.196
KY,Kentucky,Bullitt,$3.356
KY,Kentucky,Butler,$3.199
KY,Kentucky,Caldwell,$3.176
KY,Kentucky,Calloway,$3.118
KY,Kentucky,Campbell,$3.434
KY,Kentucky,Carlisle,$3.199
KY,Kentucky,Carroll,$3.418
KY,Kentucky,Carter,$3.158
KY,Kentucky,Casey,$3.295
KY,Kentucky,Christian,$3.172
KY,Kentucky,Clark,$3.361
KY,Kentucky,Clay,$3.388
KY,Kentucky,Clinton,$3.309
KY,Kentucky,Crittenden,$3.169
KY,Kentucky,Cumberland,$3.209
KY,Kentucky,Daviess,$2.995
KY,Kentucky,Edmonson,$3.179
KY,Kentucky,Elliott,$3.299
KY,Kentucky,Estill,$3.384
KY,Kentucky,Fayette,$3.368
KY,Kentucky,Fleming,$3.178
KY,Kentucky,Floyd,$3.338
KY,Kentucky,Franklin,$3.319
KY,Kentucky,Fulton,$3.115
KY,Kentucky,Gallatin,$3.348
KY,Kentucky,Garrard,$3.069
KY,Kentucky,Grant,$3.417
KY,Kentucky,Graves,$3.090
KY,Kentucky,Grayson,$3.265
KY,Kentucky,Green,$3.241
KY,Kentucky,Greenup,$3.334
KY,Kentucky,Hancock,$3.195
KY,Kentucky,Hardin,$3.192
KY,Kentucky,Harlan,$3.309
KY,Kentucky,Harrison,$3.397
KY,Kentucky,Hart,$3.230
KY,Kentucky,Henderson,$3.141
KY,Kentucky,Henry,$3.374
KY,Kentucky,Hickman,$3.099
KY,Kentucky,Hopkins,$3.113
KY,Kentucky,Jackson,$3.259
KY,Kentucky,Jefferson,$3.801
KY,Kentucky,Jessamine,$3.204
KY,Kentucky,Johnson,$3.409
KY,Kentucky,Kenton,$3.466
KY,Kentucky,Knott,$3.114
KY,Kentucky,Knox,$3.132
KY,Kentucky,Larue,$3.172
KY,Kentucky,Laurel,$3.235
KY,Kentucky,Lawrence,$3.327
KY,Kentucky,Lee,$3.479
KY,Kentucky,Leslie,$3.299
KY,Kentucky,Letcher,$3.350
KY,Kentucky,Lewis,$3.130
KY,Kentucky,Lincoln,$3.145
KY,Kentucky,Livingston,$3.227
KY,Kentucky,Logan,$3.084
KY,Kentucky,Lyon,$3.239
KY,Kentucky,Madison,$3.357
KY,Kentucky,Magoffin,$3.627
KY,Kentucky,Marion,$3.232
KY,Kentucky,Marshall,$3.122
KY,Kentucky,Martin,$3.245
KY,Kentucky,Mason,$3.325
KY,Kentucky,McCracken,$3.145
KY,Kentucky,McCreary,$3.308
KY,Kentucky,McLean,$3.142
KY,Kentucky,Meade,$3.113
KY,Kentucky,Menifee,$3.382
KY,Kentucky,Mercer,$3.144
KY,Kentucky,Metcalfe,$3.229
KY,Kentucky,Monroe,$3.266
KY,Kentucky,Montgomery,$3.129
KY,Kentucky,Morgan,$3.159
KY,Kentucky,Muhlenberg,$3.085
KY,Kentucky,Nelson,$3.141
KY,Kentucky,Nicholas,$3.327
KY,Kentucky,Ohio,$3.134
KY,Kentucky,Oldham,$3.691
KY,Kentucky,Owen,$3.331
KY,Kentucky,Owsley,$3.399
KY,Kentucky,Pendleton,$3.587
KY,Kentucky,Perry,$3.281
KY,Kentucky,Pike,$3.375
KY,Kentucky,Powell,$3.271
KY,Kentucky,Pulaski,$3.339
KY,Kentucky,Robertson,$3.279
KY,Kentucky,Rockcastle,$3.437
KY,Kentucky,Rowan,$3.205
KY,Kentucky,Russell,$3.289
KY,Kentucky,Scott,$3.362
KY,Kentucky,Shelby,$3.326
KY,Kentucky,Simpson,$2.923
KY,Kentucky,Spencer,$3.157
KY,Kentucky,Taylor,$3.232
KY,Kentucky,Todd,$3.125
KY,Kentucky,Trigg,$3.250
KY,Kentucky,Trimble,$3.367
KY,Kentucky,Union,$3.204
KY,Kentucky,Warren,$3.273
KY,Kentucky,Washington,$3.259
KY,Kentucky,Wayne,$3.313
KY,Kentucky,Webster,$3.126
KY,Kentucky,Whitley,$3.169
KY,Kentucky,Wolfe,$3.353
KY,Kentucky,Woodford,$3.368
MN,Minnesota,Aitkin,$3.249
MN,Minnesota,Anoka,$3.313
MN,Minnesota,Becker,$3.370
MN,Minnesota,Beltrami,$3.297
MN,Minnesota,Benton,$3.300
MN,Minnesota,Big Stone,$3.154
MN,Minnesota,Blue Earth,$3.309
MN,Minnesota,Brown,$3.319
MN,Minnesota,Carlton,$3.193
MN,Minnesota,Carver,$3.343
MN,Minnesota,Cass,$3.243
MN,Minnesota,Chippewa,$3.339
MN,Minnesota,Chisago,$3.361
MN,Minnesota,Clay,$3.268
MN,Minnesota,Clearwater,$3.282
MN,Minnesota,Cook,$3.387
MN,Minnesota,Cottonwood,$3.261
MN,Minnesota,Crow Wing,$3.238
MN,Minnesota,Dakota,$3.354
MN,Minnesota,Dodge,$3.409
MN,Minnesota,Douglas,$3.342
MN,Minnesota,Faribault,$3.348
MN,Minnesota,Fillmore,$3.377
MN,Minnesota,Freeborn,$3.198
MN,Minnesota,Goodhue,$3.339
MN,Minnesota,Grant,$3.230
MN,Minnesota,Hennepin,$3.378
MN,Minnesota,Houston,$3.294
MN,Minnesota,Hubbard,$3.307
MN,Minnesota,Isanti,$3.294
MN,Minnesota,Itasca,$3.180
MN,Minnesota,Jackson,$3.227
MN,Minnesota,Kanabec,$3.306
MN,Minnesota,Kandiyohi,$3.336
MN,Minnesota,Kittson,$3.224
MN,Minnesota,Koochiching,$3.268
MN,Minnesota,Lac Qui Parle,$3.297
MN,Minnesota,Lake,$3.279
MN,Minnesota,Lake of the Woods,$3.299
MN,Minnesota,Le Sueur,$3.360
MN,Minnesota,Lincoln,$3.165
MN,Minnesota,Lyon,$3.191
MN,Minnesota,Mahnomen,$3.409
MN,Minnesota,Marshall,$3.245
MN,Minnesota,Martin,$3.339
MN,Minnesota,McLeod,$3.374
MN,Minnesota,Meeker,$3.422
MN,Minnesota,Mille Lacs,$3.354
MN,Minnesota,Morrison,$3.251
MN,Minnesota,Mower,$3.319
MN,Minnesota,Murray,$3.161
MN,Minnesota,Nicollet,$3.364
MN,Minnesota,Nobles,$3.199
MN,Minnesota,Norman,$3.311
MN,Minnesota,Olmsted,$3.347
MN,Minnesota,Otter Tail,$3.283
MN,Minnesota,Pennington,$3.135
MN,Minnesota,Pine,$3.348
MN,Minnesota,Pipestone,$3.119
MN,Minnesota,Polk,$3.292
MN,Minnesota,Pope,$3.035
MN,Minnesota,Ramsey,$3.348
MN,Minnesota,Red Lake,$3.279
MN,Minnesota,Redwood,$3.267
MN,Minnesota,Renville,$3.354
MN,Minnesota,Rice,$3.271
MN,Minnesota,Rock,$3.046
MN,Minnesota,Roseau,$3.298
MN,Minnesota,Scott,$3.349
MN,Minnesota,Sherburne,$3.335
MN,Minnesota,Sibley,$3.246
MN,Minnesota,Saint Louis,$3.207
MN,Minnesota,Stearns,$3.245
MN,Minnesota,Steele,$3.344
MN,Minnesota,Stevens,$3.285
MN,Minnesota,Swift,$3.272
MN,Minnesota,Todd,$3.195
MN,Minnesota,Traverse,$3.232
MN,Minnesota,Wabasha,$3.265
MN,Minnesota,Wadena,$3.275
MN,Minnesota,Waseca,$3.146
MN,Minnesota,Washington,$3.306
MN,Minnesota,Watonwan,$3.278
MN,Minnesota,Wilkin,$3.203
MN,Minnesota,Winona,$3.302
MN,Minnesota,Wright,$3.335
MN,Minnesota,Yellow Medicine,$3.296
IA,Iowa,Adair,$3.409
IA,Iowa,Adams,$3.249
IA,Iowa,Allamakee,$3.413
IA,Iowa,Appanoose,$3.210
IA,Iowa,Audubon,$3.244
IA,Iowa,Benton,$3.159
IA,Iowa,Black Hawk,$3.329
IA,Iowa,Boone,$3.150
IA,Iowa,Bremer,$3.399
IA,Iowa,Buchanan,$3.362
IA,Iowa,Buena Vista,$3.290
IA,Iowa,Butler,$3.377
IA,Iowa,Calhoun,$3.265
IA,Iowa,Carroll,$3.296
IA,Iowa,Cass,$3.281
IA,Iowa,Cedar,$3.326
IA,Iowa,Cerro Gordo,$3.353
IA,Iowa,Cherokee,$3.273
IA,Iowa,Chickasaw,$3.387
IA,Iowa,Clarke,$3.281
IA,Iowa,Clay,$3.189
IA,Iowa,Clayton,$3.364
IA,Iowa,Clinton,$3.326
IA,Iowa,Crawford,$3.460
IA,Iowa,Dallas,$3.343
IA,Iowa,Davis,$3.296
IA,Iowa,Decatur,$3.379
IA,Iowa,Delaware,$3.359
IA,Iowa,Des Moines,$3.310
IA,Iowa,Dickinson,$3.242
IA,Iowa,Dubuque,$3.422
IA,Iowa,Emmet,$3.297
IA,Iowa,Fayette,$3.328
IA,Iowa,Floyd,$3.310
IA,Iowa,Franklin,$3.479
IA,Iowa,Fremont,$3.227
IA,Iowa,Greene,$3.258
IA,Iowa,Grundy,$3.327
IA,Iowa,Guthrie,$3.358
IA,Iowa,Hamilton,$3.211
IA,Iowa,Hancock,$3.309
IA,Iowa,Hardin,$3.387
IA,Iowa,Harrison,$3.362
IA,Iowa,Henry,$2.966
IA,Iowa,Howard,$3.399
IA,Iowa,Humboldt,$3.311
IA,Iowa,Ida,$3.299
IA,Iowa,Iowa,$3.254
IA,Iowa,Jackson,$3.384
IA,Iowa,Jasper,$3.311
IA,Iowa,Jefferson,$3.151
IA,Iowa,Johnson,$3.225
IA,Iowa,Jones,$3.301
IA,Iowa,Keokuk,$3.256
IA,Iowa,Kossuth,$3.235
IA,Iowa,Lee,$3.292
IA,Iowa,Linn,$3.344
IA,Iowa,Louisa,$3.372
IA,Iowa,Lucas,$3.384
IA,Iowa,Lyon,$3.134
IA,Iowa,Madison,$3.396
IA,Iowa,Mahaska,$3.268
IA,Iowa,Marion,$3.264
IA,Iowa,Marshall,$3.292
IA,Iowa,Mills,$3.218
IA,Iowa,Mitchell,$3.356
IA,Iowa,Monona,$3.282
IA,Iowa,Monroe,$3.353
IA,Iowa,Montgomery,$3.299
IA,Iowa,Muscatine,$3.189
IA,Iowa,O'Brien,
IA,Iowa,Osceola,$3.266
IA,Iowa,Page,$3.369
IA,Iowa,Palo Alto,$3.282
IA,Iowa,Plymouth,$3.393
IA,Iowa,Pocahontas,$3.283
IA,Iowa,Polk,$3.269
IA,Iowa,Pottawattamie,$3.247
IA,Iowa,Poweshiek,$3.230
IA,Iowa,Ringgold,$3.192
IA,Iowa,Sac,$3.269
IA,Iowa,Scott,$3.093
IA,Iowa,Shelby,$3.282
IA,Iowa,Sioux,$3.286
IA,Iowa,Story,$3.338
IA,Iowa,Tama,$3.436
IA,Iowa,Taylor,$3.345
IA,Iowa,Union,$3.389
IA,Iowa,Van Buren,$3.281
IA,Iowa,Wapello,$3.114
IA,Iowa,Warren,$3.309
IA,Iowa,Washington,$3.162
IA,Iowa,Wayne,$3.445
IA,Iowa,Webster,$3.065
IA,Iowa,Winnebago,$3.352
IA,Iowa,Winneshiek,$3.472
IA,Iowa,Woodbury,$3.250
IA,Iowa,Worth,$3.164
IA,Iowa,Wright,$3.332
NE,Nebraska,Adams,$3.213
NE,Nebraska,Antelope,$3.338
NE,Nebraska,Arthur,
NE,Nebraska,Banner,
NE,Nebraska,Blaine,$3.209
NE,Nebraska,Boone,$3.146
NE,Nebraska,Box Butte,$3.223
NE,Nebraska,Boyd,$3.199
NE,Nebraska,Brown,$3.379
NE,Nebraska,Buffalo,$3.307
NE,Nebraska,Burt,$3.522
NE,Nebraska,Butler,$3.132
NE,Nebraska,Cass,$3.296
NE,Nebraska,Cedar,$3.301
NE,Nebraska,Chase,$3.619
NE,Nebraska,Cherry,$3.379
NE,Nebraska,Cheyenne,$3.145
NE,Nebraska,Clay,$3.252
NE,Nebraska,Colfax,$3.146
NE,Nebraska,Cuming,$3.332
NE,Nebraska,Custer,$3.429
NE,Nebraska,Dakota,$3.387
NE,Nebraska,Dawes,$3.379
NE,Nebraska,Dawson,$3.215
NE,Nebraska,Deuel,$3.119
NE,Nebraska,Dixon,$3.144
NE,Nebraska,Dodge,$3.239
NE,Nebraska,Douglas,$3.248
NE,Nebraska,Dundy,$3.359
NE,Nebraska,Fillmore,$3.225
NE,Nebraska,Franklin,$3.399
NE,Nebraska,Frontier,$3.384
NE,Nebraska,Furnas,$3.324
NE,Nebraska,Gage,$3.387
NE,Nebraska,Garden,
NE,Nebraska,Garfield,$3.199
NE,Nebraska,Gosper,$3.209
NE,Nebraska,Grant,$3.269
NE,Nebraska,Greeley,$3.122
NE,Nebraska,Hall,$3.119
NE,Nebraska,Hamilton,$3.172
NE,Nebraska,Harlan,$3.472
NE,Nebraska,Hayes,
NE,Nebraska,Hitchcock,$3.459
NE,Nebraska,Holt,$3.197
NE,Nebraska,Hooker,$3.299
NE,Nebraska,Howard,$3.099
NE,Nebraska,Jefferson,$3.284
NE,Nebraska,Johnson,$3.209
NE,Nebraska,Kearney,$3.299
NE,Nebraska,Keith,$3.228
NE,Nebraska,Keya Paha,$3.799
NE,Nebraska,Kimball,$3.473
NE,Nebraska,Knox,$3.252
NE,Nebraska,Lancaster,$3.311
NE,Nebraska,Lincoln,$3.540
NE,Nebraska,Logan,$3.349
NE,Nebraska,Loup,$3.649
NE,Nebraska,Madison,$3.155
NE,Nebraska,McPherson,
NE,Nebraska,Merrick,$3.344
NE,Nebraska,Morrill,$3.412
NE,Nebraska,Nance,$3.194
NE,Nebraska,Nemaha,$3.229
NE,Nebraska,Nuckolls,$3.199
NE,Nebraska,Otoe,$3.242
NE,Nebraska,Pawnee,$3.299
NE,Nebraska,Perkins,$3.233
NE,Nebraska,Phelps,$3.339
NE,Nebraska,Pierce,$3.149
NE,Nebraska,Platte,$3.186
NE,Nebraska,Polk,$3.232
NE,Nebraska,Red Willow,$3.274
NE,Nebraska,Richardson,$3.225
NE,Nebraska,Rock,$3.299
NE,Nebraska,Saline,$3.229
NE,Nebraska,Sarpy,$3.254
NE,Nebraska,Saunders,$3.413
NE,Nebraska,Scotts Bluff,$3.210
NE,Nebraska,Seward,$3.346
NE,Nebraska,Sheridan,$3.299
NE,Nebraska,Sherman,$3.599
NE,Nebraska,Sioux,
NE,Nebraska,Stanton,$3.179
NE,Nebraska,Thayer,$3.292
NE,Nebraska,Thomas,$3.669
NE,Nebraska,Thurston,$3.279
NE,Nebraska,Valley,$3.199
NE,Nebraska,Washington,$3.250
NE,Nebraska,Wayne,$3.199
NE,Nebraska,Webster,$3.382
NE,Nebraska,Wheeler,$3.649
NE,Nebraska,York,$3.205
SD,South Dakota,Aurora,$3.329
SD,South Dakota,Beadle,$3.147
SD,South Dakota,Bennett,$3.464
SD,South Dakota,Bon Homme,$3.009
SD,South Dakota,Brookings,$3.153
SD,South Dakota,Brown,$3.288
SD,South Dakota,Brule,$3.395
SD,South Dakota,Buffalo,$3.299
SD,South Dakota,Butte,$3.606
SD,South Dakota,Campbell,$3.709
SD,South Dakota,Charles Mix,$3.081
SD,South Dakota,Clark,$3.436
SD,South Dakota,Clay,$3.082
SD,South Dakota,Codington,$3.293
SD,South Dakota,Corson,$4.039
SD,South Dakota,Custer,$3.566
SD,South Dakota,Davison,$3.153
SD,South Dakota,Day,$3.289
SD,South Dakota,Deuel,$3.229
SD,South Dakota,Dewey,$3.537
SD,South Dakota,Douglas,$3.499
SD,South Dakota,Edmunds,$3.232
SD,South Dakota,Fall River,$3.372
SD,South Dakota,Faulk,$3.614
SD,South Dakota,Grant,$3.205
SD,South Dakota,Gregory,$3.229
SD,South Dakota,Haakon,$3.347
SD,South Dakota,Hamlin,$3.199
SD,South Dakota,Hand,$3.424
SD,South Dakota,Hanson,$2.949
SD,South Dakota,Harding,$3.474
SD,South Dakota,Hughes,$3.360
SD,South Dakota,Hutchinson,$3.151
SD,South Dakota,Hyde,$3.399
SD,South Dakota,Jackson,$3.417
SD,South Dakota,Jerauld,$3.399
SD,South Dakota,Jones,$3.199
SD,South Dakota,Kingsbury,$3.127
SD,South Dakota,Lake,$3.112
SD,South Dakota,Lawrence,$3.521
SD,South Dakota,Lincoln,$3.003
SD,South Dakota,Lyman,$3.534
SD,South Dakota,Marshall,
SD,South Dakota,McCook,$3.026
SD,South Dakota,McPherson,$3.449
SD,South Dakota,Meade,$3.658
SD,South Dakota,Mellette,$3.299
SD,South Dakota,Miner,
SD,South Dakota,Minnehaha,$2.959
SD,South Dakota,Moody,$3.406
SD,South Dakota,Pennington,$3.506
SD,South Dakota,Perkins,$3.447
SD,South Dakota,Potter,$3.396
SD,South Dakota,Roberts,$3.312
SD,South Dakota,Sanborn,$3.342
SD,South Dakota,Shannon,$3.419
SD,South Dakota,Spink,$3.221
SD,South Dakota,Stanley,$3.347
SD,South Dakota,Sully,$3.849
SD,South Dakota,Todd,$3.499
SD,South Dakota,Tripp,$3.266
SD,South Dakota,Turner,$3.067
SD,South Dakota,Union,$3.204
SD,South Dakota,Walworth,$3.359
SD,South Dakota,Yankton,$3.253
SD,South Dakota,Ziebach,$3.449
NM,New Mexico,Bernalillo,$3.194
NM,New Mexico,Catron,$3.705
NM,New Mexico,Chaves,$3.165
NM,New Mexico,Cibola,$3.298
NM,New Mexico,Colfax,$3.374
NM,New Mexico,Curry,$3.214
NM,New Mexico,De Baca,$3.199
NM,New Mexico,Dona Ana,$3.222
NM,New Mexico,Eddy,$3.174
NM,New Mexico,Grant,$3.501
NM,New Mexico,Guadalupe,$3.307
NM,New Mexico,Harding,$4.289
NM,New Mexico,Hidalgo,$3.336
NM,New Mexico,Lea,$3.166
NM,New Mexico,Lincoln,$3.371
NM,New Mexico,Los Alamos,$3.229
NM,New Mexico,Luna,$3.341
NM,New Mexico,McKinley,$3.276
NM,New Mexico,Mora,$3.249
NM,New Mexico,Otero,$2.908
NM,New Mexico,Quay,$3.201
NM,New Mexico,Rio Arriba,$3.145
NM,New Mexico,Roosevelt,$3.244
NM,New Mexico,San Juan,$3.485
NM,New Mexico,San Miguel,$3.153
NM,New Mexico,Sandoval,$3.116
NM,New Mexico,Santa Fe,$3.063
NM,New Mexico,Sierra,$3.391
NM,New Mexico,Socorro,$3.211
NM,New Mexico,Taos,$3.280
NM,New Mexico,Torrance,$3.329
NM,New Mexico,Union,$3.171
NM,New Mexico,Valencia,$3.108
SC,South Carolina,Abbeville,$3.151
SC,South Carolina,Aiken,$3.280
SC,South Carolina,Allendale,$3.379
SC,South Carolina,Anderson,$3.156
SC,South Carolina,Bamberg,$3.286
SC,South Carolina,Barnwell,$3.250
SC,South Carolina,Beaufort,$3.285
SC,South Carolina,Berkeley,$3.253
SC,South Carolina,Calhoun,$3.393
SC,South Carolina,Charleston,$3.276
SC,South Carolina,Cherokee,$3.150
SC,South Carolina,Chester,$3.261
SC,South Carolina,Chesterfield,$3.206
SC,South Carolina,Clarendon,$3.313
SC,South Carolina,Colleton,$3.333
SC,South Carolina,Darlington,$3.275
SC,South Carolina,Dillon,$3.152
SC,South Carolina,Dorchester,$3.276
SC,South Carolina,Edgefield,$3.185
SC,South Carolina,Fairfield,$3.353
SC,South Carolina,Florence,$3.232
SC,South Carolina,Georgetown,$3.279
SC,South Carolina,Greenville,$3.182
SC,South Carolina,Greenwood,$3.166
SC,South Carolina,Hampton,$3.341
SC,South Carolina,Horry,$3.211
SC,South Carolina,Jasper,$3.326
SC,South Carolina,Kershaw,$3.221
SC,South Carolina,Lancaster,$3.213
SC,South Carolina,Laurens,$3.140
SC,South Carolina,Lee,$3.342
SC,South Carolina,Lexington,$3.190
SC,South Carolina,Marion,$3.201
SC,South Carolina,Marlboro,$3.179
SC,South Carolina,McCormick,$3.216
SC,South Carolina,Newberry,$3.269
SC,South Carolina,Oconee,$3.134
SC,South Carolina,Orangeburg,$3.283
SC,South Carolina,Pickens,$3.115
SC,South Carolina,Richland,$3.194
SC,South Carolina,Saluda,$3.245
SC,South Carolina,Spartanburg,$3.218
SC,South Carolina,Sumter,$3.263
SC,South Carolina,Union,$3.125
SC,South Carolina,Williamsburg,$3.240
SC,South Carolina,York,$3.107
MO,Missouri,Adair,$3.273
MO,Missouri,Andrew,$3.093
MO,Missouri,Atchison,$3.299
MO,Missouri,Audrain,$3.344
MO,Missouri,Barry,$3.144
MO,Missouri,Barton,$3.146
MO,Missouri,Bates,$3.202
MO,Missouri,Benton,$3.114
MO,Missouri,Bollinger,$3.133
MO,Missouri,Boone,$3.367
MO,Missouri,Buchanan,$3.076
MO,Missouri,Butler,$3.103
MO,Missouri,Caldwell,$3.239
MO,Missouri,Callaway,$3.363
MO,Missouri,Camden,$3.211
MO,Missouri,Cape Girardeau,$3.119
MO,Missouri,Carroll,$3.183
MO,Missouri,Carter,$3.195
MO,Missouri,Cass,$3.070
MO,Missouri,Cedar,$3.259
MO,Missouri,Chariton,$3.270
MO,Missouri,Christian,$3.179
MO,Missouri,Clark,$2.994
MO,Missouri,Clay,$2.994
MO,Missouri,Clinton,$3.118
MO,Missouri,Cole,$3.369
MO,Missouri,Cooper,$3.205
MO,Missouri,Crawford,$3.276
MO,Missouri,Dade,$3.129
MO,Missouri,Dallas,$3.216
MO,Missouri,Daviess,$3.073
MO,Missouri,DeKalb,$3.149
MO,Missouri,Dent,$3.286
MO,Missouri,Douglas,$3.194
MO,Missouri,Dunklin,$3.129
MO,Missouri,Franklin,$3.264
MO,Missouri,Gasconade,$3.252
MO,Missouri,Gentry,$3.222
MO,Missouri,Greene,$3.158
MO,Missouri,Grundy,$3.183
MO,Missouri,Harrison,$3.060
MO,Missouri,Henry,$3.094
MO,Missouri,Hickory,$3.205
MO,Missouri,Holt,$3.135
MO,Missouri,Howard,$3.267
MO,Missouri,Howell,$3.104
MO,Missouri,Iron,$3.209
MO,Missouri,Jackson,$3.064
MO,Missouri,Jasper,$3.077
MO,Missouri,Jefferson,$3.292
MO,Missouri,Johnson,$3.165
MO,Missouri,Knox,$3.099
MO,Missouri,Laclede,$3.162
MO,Missouri,Lafayette,$3.097
MO,Missouri,Lawrence,$3.189
MO,Missouri,Lewis,$3.180
MO,Missouri,Lincoln,$3.347
MO,Missouri,Linn,$3.231
MO,Missouri,Livingston,$3.238
MO,Missouri,Macon,$3.236
MO,Missouri,Madison,$3.035
MO,Missouri,Maries,$3.283
MO,Missouri,Marion,$3.180
MO,Missouri,McDonald,$3.105
MO,Missouri,Mercer,$3.071
MO,Missouri,Miller,$3.352
MO,Missouri,Mississippi,$3.008
MO,Missouri,Moniteau,$3.388
MO,Missouri,Monroe,$3.253
MO,Missouri,Montgomery,$3.313
MO,Missouri,Morgan,$3.311
MO,Missouri,New Madrid,$3.142
MO,Missouri,Newton,$3.100
MO,Missouri,Nodaway,$3.219
MO,Missouri,Oregon,$3.174
MO,Missouri,Osage,$3.382
MO,Missouri,Ozark,$3.274
MO,Missouri,Pemiscot,$3.128
MO,Missouri,Perry,$3.150
MO,Missouri,Pettis,$3.262
MO,Missouri,Phelps,$3.196
MO,Missouri,Pike,$3.325
MO,Missouri,Platte,$3.044
MO,Missouri,Polk,$3.248
MO,Missouri,Pulaski,$3.159
MO,Missouri,Putnam,$3.189
MO,Missouri,Ralls,$3.278
MO,Missouri,Randolph,$3.280
MO,Missouri,Ray,$3.114
MO,Missouri,Reynolds,$3.329
MO,Missouri,Ripley,$3.107
MO,Missouri,Saline,$3.274
MO,Missouri,Schuyler,$3.135
MO,Missouri,Scotland,$3.219
MO,Missouri,Scott,$3.162
MO,Missouri,Shannon,$3.231
MO,Missouri,Shelby,$3.279
MO,Missouri,Saint Charles,$3.310
MO,Missouri,Saint Clair,$3.123
MO,Missouri,Saint Francois,$3.195
MO,Missouri,Saint Louis,$3.350
MO,Missouri,Saint Louis City,$3.345
MO,Missouri,Sainte Genevieve,$3.204
MO,Missouri,Stoddard,$3.187
MO,Missouri,Stone,$3.180
MO,Missouri,Sullivan,$3.299
MO,Missouri,Taney,$3.230
MO,Missouri,Texas,$3.107
MO,Missouri,Vernon,$3.130
MO,Missouri,Warren,$3.265
MO,Missouri,Washington,$3.083
MO,Missouri,Wayne,$3.285
MO,Missouri,Webster,$3.153
MO,Missouri,Worth,$3.209
MO,Missouri,Wright,$3.167
KS,Kansas,Allen,$3.280
KS,Kansas,Anderson,$3.049
KS,Kansas,Atchison,$3.242
KS,Kansas,Barber,$3.171
KS,Kansas,Barton,$3.161
KS,Kansas,Bourbon,$3.295
KS,Kansas,Brown,$3.096
KS,Kansas,Butler,$3.336
KS,Kansas,Chase,$3.129
KS,Kansas,Chautauqua,$3.106
KS,Kansas,Cherokee,$3.160
KS,Kansas,Cheyenne,$3.281
KS,Kansas,Clark,$3.099
KS,Kansas,Clay,$3.115
KS,Kansas,Cloud,$3.149
KS,Kansas,Coffey,$3.140
KS,Kansas,Comanche,$3.099
KS,Kansas,Cowley,$3.210
KS,Kansas,Crawford,$3.277
KS,Kansas,Decatur,$3.109
KS,Kansas,Dickinson,$2.980
KS,Kansas,Doniphan,$3.089
KS,Kansas,Douglas,$3.080
KS,Kansas,Edwards,$3.099
KS,Kansas,Elk,$3.159
KS,Kansas,Ellis,$3.054
KS,Kansas,Ellsworth,$3.253
KS,Kansas,Finney,$3.058
KS,Kansas,Ford,$3.027
KS,Kansas,Franklin,$3.102
KS,Kansas,Geary,$3.073
KS,Kansas,Gove,$3.162
KS,Kansas,Graham,$3.189
KS,Kansas,Grant,$3.106
KS,Kansas,Gray,$3.043
KS,Kansas,Greeley,$3.299
KS,Kansas,Greenwood,$3.239
KS,Kansas,Hamilton,$3.132
KS,Kansas,Harper,$3.257
KS,Kansas,Harvey,$3.235
KS,Kansas,Haskell,$3.117
KS,Kansas,Hodgeman,$3.032
KS,Kansas,Jackson,$3.131
KS,Kansas,Jefferson,$3.116
KS,Kansas,Jewell,$3.159
KS,Kansas,Johnson,$3.100
KS,Kansas,Kearny,$3.014
KS,Kansas,Kingman,$3.187
KS,Kansas,Kiowa,$3.173
KS,Kansas,Labette,$3.294
KS,Kansas,Lane,$3.056
KS,Kansas,Leavenworth,$3.031
KS,Kansas,Lincoln,$3.649
KS,Kansas,Linn,$3.196
KS,Kansas,Logan,$3.099
KS,Kansas,Lyon,$3.090
KS,Kansas,Marion,$3.118
KS,Kansas,Marshall,$3.129
KS,Kansas,Mcpherson,$3.011
KS,Kansas,Meade,$3.053
KS,Kansas,Miami,$3.094
KS,Kansas,Mitchell,$3.339
KS,Kansas,Montgomery,$3.295
KS,Kansas,Morris,$3.069
KS,Kansas,Morton,$3.272
KS,Kansas,Nemaha,$3.193
KS,Kansas,Neosho,$3.277
KS,Kansas,Ness,$3.131
KS,Kansas,Norton,$3.087
KS,Kansas,Osage,$3.102
KS,Kansas,Osborne,$3.104
KS,Kansas,Ottawa,$3.199
KS,Kansas,Pawnee,$3.254
KS,Kansas,Phillips,$3.072
KS,Kansas,Pottawatomie,$3.106
KS,Kansas,Pratt,$3.252
KS,Kansas,Rawlins,$3.099
KS,Kansas,Reno,$3.100
KS,Kansas,Republic,$3.229
KS,Kansas,Rice,$3.281
KS,Kansas,Riley,$3.175
KS,Kansas,Rooks,$3.075
KS,Kansas,Rush,$3.259
KS,Kansas,Russell,$3.198
KS,Kansas,Saline,$3.118
KS,Kansas,Scott,$3.096
KS,Kansas,Sedgwick,$3.354
KS,Kansas,Seward,$3.068
KS,Kansas,Shawnee,$3.077
KS,Kansas,Sheridan,$3.161
KS,Kansas,Sherman,$3.156
KS,Kansas,Smith,$3.083
KS,Kansas,Stafford,$3.244
KS,Kansas,Stanton,$3.274
KS,Kansas,Stevens,$3.075
KS,Kansas,Sumner,$3.116
KS,Kansas,Thomas,$3.120
KS,Kansas,Trego,$3.097
KS,Kansas,Wabaunsee,$3.099
KS,Kansas,Wallace,$3.279
KS,Kansas,Washington,$3.151
KS,Kansas,Wichita,$3.074
KS,Kansas,Wilson,$3.286
KS,Kansas,Woodson,$3.266
KS,Kansas,Wyandotte,$3.099
AL,Alabama,Autauga,$3.203
AL,Alabama,Baldwin,$3.127
AL,Alabama,Barbour,$3.198
AL,Alabama,Bibb,$3.142
AL,Alabama,Blount,$3.203
AL,Alabama,Bullock,$3.199
AL,Alabama,Butler,$3.210
AL,Alabama,Calhoun,$3.131
AL,Alabama,Chambers,$3.224
AL,Alabama,Cherokee,$3.058
AL,Alabama,Chilton,$3.215
AL,Alabama,Choctaw,$3.268
AL,Alabama,Clarke,$3.280
AL,Alabama,Clay,$3.279
AL,Alabama,Cleburne,$3.261
AL,Alabama,Coffee,$3.142
AL,Alabama,Colbert,$3.149
AL,Alabama,Conecuh,$3.345
AL,Alabama,Coosa,$3.186
AL,Alabama,Covington,$3.197
AL,Alabama,Crenshaw,$3.183
AL,Alabama,Cullman,$3.134
AL,Alabama,Dale,$3.152
AL,Alabama,Dallas,$3.165
AL,Alabama,De Kalb,$3.052
AL,Alabama,Elmore,$3.167
AL,Alabama,Escambia,$3.205
AL,Alabama,Etowah,$3.063
AL,Alabama,Fayette,$3.386
AL,Alabama,Franklin,$3.158
AL,Alabama,Geneva,$3.212
AL,Alabama,Greene,$3.355
AL,Alabama,Hale,$3.208
AL,Alabama,Henry,$3.209
AL,Alabama,Houston,$3.122
AL,Alabama,Jackson,$3.163
AL,Alabama,Jefferson,$3.173
AL,Alabama,Lamar,$3.379
AL,Alabama,Lauderdale,$3.148
AL,Alabama,Lawrence,$3.157
AL,Alabama,Lee,$3.092
AL,Alabama,Limestone,$3.162
AL,Alabama,Lowndes,$3.229
AL,Alabama,Macon,$3.233
AL,Alabama,Madison,$3.172
AL,Alabama,Marengo,$3.258
AL,Alabama,Marion,$3.298
AL,Alabama,Marshall,$3.096
AL,Alabama,Mobile,$3.082
AL,Alabama,Monroe,$3.190
AL,Alabama,Montgomery,$3.176
AL,Alabama,Morgan,$3.102
AL,Alabama,Perry,$3.399
AL,Alabama,Pickens,$3.193
AL,Alabama,Pike,$3.201
AL,Alabama,Randolph,$3.178
AL,Alabama,Russell,$3.180
AL,Alabama,Shelby,$3.155
AL,Alabama,Saint Clair,$3.148
AL,Alabama,Sumter,$3.311
AL,Alabama,Talladega,$3.149
AL,Alabama,Tallapoosa,$3.127
AL,Alabama,Tuscaloosa,$3.104
AL,Alabama,Walker,$3.137
AL,Alabama,Washington,$3.277
AL,Alabama,Wilcox,$3.452
AL,Alabama,Winston,$3.262
AR,Arkansas,Arkansas,$3.077
AR,Arkansas,Ashley,$3.073
AR,Arkansas,Baxter,$3.270
AR,Arkansas,Benton,$3.180
AR,Arkansas,Boone,$3.288
AR,Arkansas,Bradley,$3.302
AR,Arkansas,Calhoun,$3.199
AR,Arkansas,Carroll,$3.206
AR,Arkansas,Chicot,$3.086
AR,Arkansas,Clark,$3.123
AR,Arkansas,Clay,$3.201
AR,Arkansas,Cleburne,$3.135
AR,Arkansas,Cleveland,$3.374
AR,Arkansas,Columbia,$3.192
AR,Arkansas,Conway,$3.023
AR,Arkansas,Craighead,$3.113
AR,Arkansas,Crawford,$3.083
AR,Arkansas,Crittenden,$3.096
AR,Arkansas,Cross,$3.238
AR,Arkansas,Dallas,$3.143
AR,Arkansas,Desha,$3.225
AR,Arkansas,Drew,$3.066
AR,Arkansas,Faulkner,$3.067
AR,Arkansas,Franklin,$3.077
AR,Arkansas,Fulton,$3.166
AR,Arkansas,Garland,$3.120
AR,Arkansas,Grant,$3.090
AR,Arkansas,Greene,$3.156
AR,Arkansas,Hempstead,$3.203
AR,Arkansas,Hot Spring,$3.016
AR,Arkansas,Howard,$3.202
AR,Arkansas,Independence,$3.158
AR,Arkansas,Izard,$3.299
AR,Arkansas,Jackson,$3.261
AR,Arkansas,Jefferson,$3.074
AR,Arkansas,Johnson,$3.069
AR,Arkansas,Lafayette,$3.295
AR,Arkansas,Lawrence,$3.204
AR,Arkansas,Lee,$3.274
AR,Arkansas,Lincoln,$3.146
AR,Arkansas,Little River,$3.169
AR,Arkansas,Logan,$3.190
AR,Arkansas,Lonoke,$3.076
AR,Arkansas,Madison,$3.205
AR,Arkansas,Marion,$3.259
AR,Arkansas,Miller,$3.186
AR,Arkansas,Mississippi,$3.198
AR,Arkansas,Monroe,$3.053
AR,Arkansas,Montgomery,$3.319
AR,Arkansas,Nevada,$3.107
AR,Arkansas,Newton,$3.187
AR,Arkansas,Ouachita,$3.170
AR,Arkansas,Perry,$3.111
AR,Arkansas,Phillips,$3.270
AR,Arkansas,Pike,$3.132
AR,Arkansas,Poinsett,$3.225
AR,Arkansas,Polk,$3.190
AR,Arkansas,Pope,$3.088
AR,Arkansas,Prairie,$3.092
AR,Arkansas,Pulaski,$3.080
AR,Arkansas,Randolph,$2.999
AR,Arkansas,Saline,$3.117
AR,Arkansas,Scott,$3.039
AR,Arkansas,Searcy,$3.083
AR,Arkansas,Sebastian,$3.104
AR,Arkansas,Sevier,$3.183
AR,Arkansas,Sharp,$3.194
AR,Arkansas,Saint Francis,$3.049
AR,Arkansas,Stone,$3.219
AR,Arkansas,Union,$3.166
AR,Arkansas,Van Buren,$3.050
AR,Arkansas,Washington,$3.195
AR,Arkansas,White,$3.059
AR,Arkansas,Woodruff,$3.199
AR,Arkansas,Yell,$3.170
OK,Oklahoma,Adair,$2.978
OK,Oklahoma,Alfalfa,$3.125
OK,Oklahoma,Atoka,$3.099
OK,Oklahoma,Beaver,$3.217
OK,Oklahoma,Beckham,$3.080
OK,Oklahoma,Blaine,$3.224
OK,Oklahoma,Bryan,$3.074
OK,Oklahoma,Caddo,$3.159
OK,Oklahoma,Canadian,$3.105
OK,Oklahoma,Carter,$3.059
OK,Oklahoma,Cherokee,$3.189
OK,Oklahoma,Choctaw,$3.058
OK,Oklahoma,Cimarron,$3.159
OK,Oklahoma,Cleveland,$3.081
OK,Oklahoma,Coal,$3.526
OK,Oklahoma,Comanche,$3.038
OK,Oklahoma,Cotton,$2.961
OK,Oklahoma,Craig,$2.990
OK,Oklahoma,Creek,$3.262
OK,Oklahoma,Custer,$3.204
OK,Oklahoma,Delaware,$3.088
OK,Oklahoma,Dewey,$3.316
OK,Oklahoma,Ellis,$3.449
OK,Oklahoma,Garfield,$3.058
OK,Oklahoma,Garvin,$3.096
OK,Oklahoma,Grady,$3.144
OK,Oklahoma,Grant,$3.049
OK,Oklahoma,Greer,$3.404
OK,Oklahoma,Harmon,$3.199
OK,Oklahoma,Harper,$3.143
OK,Oklahoma,Haskell,$3.083
OK,Oklahoma,Hughes,$3.323
OK,Oklahoma,Jackson,$3.018
OK,Oklahoma,Jefferson,$3.216
OK,Oklahoma,Johnston,$3.050
OK,Oklahoma,Kay,$3.050
OK,Oklahoma,Kingfisher,$3.284
OK,Oklahoma,Kiowa,$3.188
OK,Oklahoma,Latimer,$3.204
OK,Oklahoma,Le Flore,$3.085
OK,Oklahoma,Lincoln,$3.251
OK,Oklahoma,Logan,$3.320
OK,Oklahoma,Love,$3.101
OK,Oklahoma,Major,$3.090
OK,Oklahoma,Marshall,$3.128
OK,Oklahoma,Mayes,$3.002
OK,Oklahoma,McClain,$3.271
OK,Oklahoma,McCurtain,$3.155
OK,Oklahoma,McIntosh,$3.069
OK,Oklahoma,Murray,$3.020
OK,Oklahoma,Muskogee,$2.937
OK,Oklahoma,Noble,$3.088
OK,Oklahoma,Nowata,$3.076
OK,Oklahoma,Okfuskee,$3.071
OK,Oklahoma,Oklahoma,$3.110
OK,Oklahoma,Okmulgee,$2.945
OK,Oklahoma,Osage,$3.159
OK,Oklahoma,Ottawa,$2.966
OK,Oklahoma,Pawnee,$3.164
OK,Oklahoma,Payne,$3.120
OK,Oklahoma,Pittsburg,$3.087
OK,Oklahoma,Pontotoc,$3.126
OK,Oklahoma,Pottawatomie,$3.157
OK,Oklahoma,Pushmataha,$3.221
OK,Oklahoma,Roger Mills,$3.205
OK,Oklahoma,Rogers,$3.179
OK,Oklahoma,Seminole,$3.114
OK,Oklahoma,Sequoyah,$3.085
OK,Oklahoma,Stephens,$3.081
OK,Oklahoma,Texas,$3.089
OK,Oklahoma,Tillman,$3.077
OK,Oklahoma,Tulsa,$3.166
OK,Oklahoma,Wagoner,$3.095
OK,Oklahoma,Washington,$3.101
OK,Oklahoma,Washita,$3.104
OK,Oklahoma,Woods,$3.296
OK,Oklahoma,Woodward,$3.147
TX,Texas,Anderson,$3.036
TX,Texas,Andrews,$3.167
TX,Texas,Angelina,$3.146
TX,Texas,Aransas,$3.110
TX,Texas,Archer,$3.092
TX,Texas,Armstrong,$2.869
TX,Texas,Atascosa,$3.113
TX,Texas,Austin,$3.129
TX,Texas,Bailey,$3.175
TX,Texas,Bandera,$3.230
TX,Texas,Bastrop,$3.135
TX,Texas,Baylor,$3.199
TX,Texas,Bee,$3.151
TX,Texas,Bell,$3.052
TX,Texas,Bexar,$3.132
TX,Texas,Blanco,$3.166
TX,Texas,Borden,
TX,Texas,Bosque,$3.145
TX,Texas,Bowie,$3.115
TX,Texas,Brazoria,$3.092
TX,Texas,Brazos,$3.141
TX,Texas,Brewster,$3.500
TX,Texas,Briscoe,$3.284
TX,Texas,Brooks,$3.186
TX,Texas,Brown,$3.074
TX,Texas,Burleson,$3.122
TX,Texas,Burnet,$3.064
TX,Texas,Caldwell,$3.131
TX,Texas,Calhoun,$3.093
TX,Texas,Callahan,$3.107
TX,Texas,Cameron,$3.158
TX,Texas,Camp,$2.999
TX,Texas,Carson,$2.959
TX,Texas,Cass,$3.125
TX,Texas,Castro,$3.171
TX,Texas,Chambers,$3.131
TX,Texas,Cherokee,$3.045
TX,Texas,Childress,$2.879
TX,Texas,Clay,$3.145
TX,Texas,Cochran,$3.314
TX,Texas,Coke,$3.044
TX,Texas,Coleman,$3.175
TX,Texas,Collin,$3.113
TX,Texas,Collingsworth,$3.149
TX,Texas,Colorado,$3.134
TX,Texas,Comal,$3.159
TX,Texas,Comanche,$3.108
TX,Texas,Concho,$3.174
TX,Texas,Cooke,$3.071
TX,Texas,Coryell,$3.103
TX,Texas,Cottle,$3.359
TX,Texas,Crane,$3.319
TX,Texas,Crockett,$3.326
TX,Texas,Crosby,$3.113
TX,Texas,Culberson,$3.443
TX,Texas,Dallam,$2.926
TX,Texas,Dallas,$3.153
TX,Texas,Dawson,$3.151
TX,Texas,Deaf Smith,$2.900
TX,Texas,Delta,$3.174
TX,Texas,Denton,$3.128
TX,Texas,De Witt,$3.181
TX,Texas,Dickens,$3.399
TX,Texas,Dimmit,$3.244
TX,Texas,Donley,$2.949
TX,Texas,Duval,$3.187
TX,Texas,Eastland,$3.095
TX,Texas,Ector,$2.983
TX,Texas,Edwards,$3.299
TX,Texas,El Paso,$3.247
TX,Texas,Ellis,$3.115
TX,Texas,Erath,$3.136
TX,Texas,Falls,$3.109
TX,Texas,Fannin,$3.060
TX,Texas,Fayette,$3.191
TX,Texas,Fisher,$3.199
TX,Texas,Floyd,$3.147
TX,Texas,Foard,$3.099
TX,Texas,Fort Bend,$3.085
TX,Texas,Franklin,$3.044
TX,Texas,Freestone,$3.096
TX,Texas,Frio,$3.126
TX,Texas,Gaines,$3.051
TX,Texas,Galveston,$3.136
TX,Texas,Garza,$2.994
TX,Texas,Gillespie,$3.200
TX,Texas,Glasscock,$3.299
TX,Texas,Goliad,$3.252
TX,Texas,Gonzales,$3.141
TX,Texas,Gray,$2.938
TX,Texas,Grayson,$3.029
TX,Texas,Gregg,$3.068
TX,Texas,Grimes,$3.169
TX,Texas,Guadalupe,$3.115
TX,Texas,Hale,$2.915
TX,Texas,Hall,$3.124
TX,Texas,Hamilton,$3.201
TX,Texas,Hansford,$3.011
TX,Texas,Hardeman,$3.036
TX,Texas,Hardin,$3.051
TX,Texas,Harris,$3.115
TX,Texas,Harrison,$3.160
TX,Texas,Hartley,$2.999
TX,Texas,Haskell,$3.186
TX,Texas,Hays,$3.146
TX,Texas,Hemphill,$3.064
TX,Texas,Henderson,$3.067
TX,Texas,Hidalgo,$3.143
TX,Texas,Hill,$3.074
TX,Texas,Hockley,$3.000
TX,Texas,Hood,$3.097
TX,Texas,Hopkins,$3.064
TX,Texas,Houston,$3.235
TX,Texas,Howard,$2.994
TX,Texas,Hudspeth,$3.449
TX,Texas,Hunt,$3.094
TX,Texas,Hutchinson,$2.949
TX,Texas,Irion,$3.124
TX,Texas,Jack,$3.159
TX,Texas,Jackson,$3.183
TX,Texas,Jasper,$3.187
TX,Texas,Jeff Davis,$3.629
TX,Texas,Jefferson,$3.057
TX,Texas,Jim Hogg,$3.249
TX,Texas,Jim Wells,$3.094
TX,Texas,Johnson,$3.108
TX,Texas,Jones,$3.059
TX,Texas,Karnes,$3.195
TX,Texas,Kaufman,$3.111
TX,Texas,Kendall,$3.157
TX,Texas,Kenedy,
TX,Texas,Kent,
TX,Texas,Kerr,$3.132
TX,Texas,Kimble,$3.179
TX,Texas,King,$3.199
TX,Texas,Kinney,$3.199
TX,Texas,Kleberg,$3.206
TX,Texas,Knox,$3.199
TX,Texas,La Salle,$3.204
TX,Texas,Lamar,$3.148
TX,Texas,Lamb,$3.173
TX,Texas,Lampasas,$3.141
TX,Texas,Lavaca,$3.167
TX,Texas,Lee,$3.120
TX,Texas,Leon,$3.155
TX,Texas,Liberty,$3.139
TX,Texas,Limestone,$3.168
TX,Texas,Lipscomb,$2.939
TX,Texas,Live Oak,$3.168
TX,Texas,Llano,$3.115
TX,Texas,Loving,$3.199
TX,Texas,Lubbock,$2.911
TX,Texas,Lynn,$3.169
TX,Texas,Madison,$3.180
TX,Texas,Marion,$2.999
TX,Texas,Martin,$3.260
TX,Texas,Mason,$3.252
TX,Texas,Matagorda,$3.120
TX,Texas,Maverick,$3.191
TX,Texas,McCulloch,$3.178
TX,Texas,McLennan,$3.073
TX,Texas,McMullen,$3.199
TX,Texas,Medina,$3.066
TX,Texas,Menard,$3.369
TX,Texas,Midland,$2.940
TX,Texas,Milam,$3.087
TX,Texas,Mills,$3.176
TX,Texas,Mitchell,$3.033
TX,Texas,Montague,$3.115
TX,Texas,Montgomery,$3.090
TX,Texas,Moore,$2.926
TX,Texas,Morris,$3.065
TX,Texas,Motley,$3.299
TX,Texas,Nacogdoches,$3.103
TX,Texas,Navarro,$3.229
TX,Texas,Newton,$3.191
TX,Texas,Nolan,$3.033
TX,Texas,Nueces,$3.190
TX,Texas,Ochiltree,$2.949
TX,Texas,Oldham,$3.119
TX,Texas,Orange,$3.075
TX,Texas,Palo Pinto,$3.053
TX,Texas,Panola,$2.994
TX,Texas,Parker,$3.113
TX,Texas,Parmer,$3.087
TX,Texas,Pecos,$3.083
TX,Texas,Polk,$3.143
TX,Texas,Potter,$2.887
TX,Texas,Presidio,$3.381
TX,Texas,Rains,$3.056
TX,Texas,Randall,$2.886
TX,Texas,Reagan,$3.199
TX,Texas,Real,$3.249
TX,Texas,Red River,$3.200
TX,Texas,Reeves,$3.157
TX,Texas,Refugio,$3.201
TX,Texas,Roberts,$3.499
TX,Texas,Robertson,$3.114
TX,Texas,Rockwall,$3.122
TX,Texas,Runnels,$3.177
TX,Texas,Rusk,$3.103
TX,Texas,Sabine,$3.186
TX,Texas,San Augustine,$3.111
TX,Texas,San Jacinto,$3.203
TX,Texas,San Patricio,$3.192
TX,Texas,San Saba,$3.082
TX,Texas,Schleicher,$3.189
TX,Texas,Scurry,$3.137
TX,Texas,Shackelford,$3.129
TX,Texas,Shelby,$3.160
TX,Texas,Sherman,$2.999
TX,Texas,Smith,$2.981
TX,Texas,Somervell,$3.137
TX,Texas,Starr,$3.085
TX,Texas,Stephens,$3.001
TX,Texas,Sterling,$3.199
TX,Texas,Stonewall,$3.199
TX,Texas,Sutton,$3.189
TX,Texas,Swisher,$3.022
TX,Texas,Tarrant,$3.121
TX,Texas,Taylor,$3.018
TX,Texas,Terrell,$3.399
TX,Texas,Terry,$3.050
TX,Texas,Throckmorton,$3.199
TX,Texas,Titus,$3.182
TX,Texas,Tom Green,$3.111
TX,Texas,Travis,$3.161
TX,Texas,Trinity,$3.085
TX,Texas,Tyler,$3.173
TX,Texas,Upshur,$3.036
TX,Texas,Upton,$3.443
TX,Texas,Uvalde,$3.125
TX,Texas,Val Verde,$3.137
TX,Texas,Van Zandt,$3.066
TX,Texas,Victoria,$3.026
TX,Texas,Walker,$3.109
TX,Texas,Waller,$3.173
TX,Texas,Ward,$3.019
TX,Texas,Washington,$3.179
TX,Texas,Webb,$3.133
TX,Texas,Wharton,$3.080
TX,Texas,Wheeler,$3.099
TX,Texas,Wichita,$2.920
TX,Texas,Wilbarger,$2.834
TX,Texas,Willacy,$3.099
TX,Texas,Williamson,$3.146
TX,Texas,Wilson,$3.104
TX,Texas,Winkler,$3.199
TX,Texas,Wise,$3.092
TX,Texas,Wood,$3.011
TX,Texas,Yoakum,$3.302
TX,Texas,Young,$3.137
TX,Texas,Zapata,$3.243
TX,Texas,Zavala,$3.263
TN,Tennessee,Anderson,$3.030
TN,Tennessee,Bedford,$3.030
TN,Tennessee,Benton,$3.102
TN,Tennessee,Bledsoe,$3.296
TN,Tennessee,Blount,$3.089
TN,Tennessee,Bradley,$3.155
TN,Tennessee,Campbell,$3.062
TN,Tennessee,Cannon,$3.136
TN,Tennessee,Carroll,$3.093
TN,Tennessee,Carter,$3.072
TN,Tennessee,Cheatham,$3.191
TN,Tennessee,Chester,$3.228
TN,Tennessee,Claiborne,$3.046
TN,Tennessee,Clay,$3.201
TN,Tennessee,Cocke,$3.069
TN,Tennessee,Coffee,$3.069
TN,Tennessee,Crockett,$3.224
TN,Tennessee,Cumberland,$3.116
TN,Tennessee,Davidson,$3.165
TN,Tennessee,Decatur,$3.181
TN,Tennessee,DeKalb,$3.126
TN,Tennessee,Dickson,$3.073
TN,Tennessee,Dyer,$3.029
TN,Tennessee,Fayette,$3.092
TN,Tennessee,Fentress,$3.136
TN,Tennessee,Franklin,$3.154
TN,Tennessee,Gibson,$3.138
TN,Tennessee,Giles,$3.073
TN,Tennessee,Grainger,$3.113
TN,Tennessee,Greene,$2.995
TN,Tennessee,Grundy,$3.197
TN,Tennessee,Hamblen,$3.050
TN,Tennessee,Hamilton,$3.036
TN,Tennessee,Hancock,$3.199
TN,Tennessee,Hardeman,$3.136
TN,Tennessee,Hardin,$3.028
TN,Tennessee,Hawkins,$3.048
TN,Tennessee,Haywood,$3.265
TN,Tennessee,Henderson,$3.037
TN,Tennessee,Henry,$2.905
TN,Tennessee,Hickman,$3.191
TN,Tennessee,Houston,$3.392
TN,Tennessee,Humphreys,$3.046
TN,Tennessee,Jackson,$3.089
TN,Tennessee,Jefferson,$3.050
TN,Tennessee,Johnson,$3.102
TN,Tennessee,Knox,$3.020
TN,Tennessee,Lake,$3.074
TN,Tennessee,Lauderdale,$3.136
TN,Tennessee,Lawrence,$3.095
TN,Tennessee,Lewis,$3.190
TN,Tennessee,Lincoln,$3.123
TN,Tennessee,Loudon,$3.060
TN,Tennessee,Macon,$3.254
TN,Tennessee,Madison,$3.175
TN,Tennessee,Marion,$3.153
TN,Tennessee,Marshall,$3.127
TN,Tennessee,Maury,$3.083
TN,Tennessee,McMinn,$3.005
TN,Tennessee,McNairy,$3.085
TN,Tennessee,Meigs,$3.115
TN,Tennessee,Monroe,$3.086
TN,Tennessee,Montgomery,$3.062
TN,Tennessee,Moore,$3.089
TN,Tennessee,Morgan,$3.079
TN,Tennessee,Obion,$3.125
TN,Tennessee,Overton,$3.299
TN,Tennessee,Perry,$3.216
TN,Tennessee,Pickett,$3.274
TN,Tennessee,Polk,$3.111
TN,Tennessee,Putnam,$3.143
TN,Tennessee,Rhea,$3.065
TN,Tennessee,Roane,$3.038
TN,Tennessee,Robertson,$3.140
TN,Tennessee,Rutherford,$3.127
TN,Tennessee,Scott,$3.114
TN,Tennessee,Sequatchie,$3.034
TN,Tennessee,Sevier,$3.098
TN,Tennessee,Shelby,$3.082
TN,Tennessee,Smith,$3.187
TN,Tennessee,Stewart,$3.151
TN,Tennessee,Sullivan,$3.093
TN,Tennessee,Sumner,$3.095
TN,Tennessee,Tipton,$3.118
TN,Tennessee,Trousdale,$3.266
TN,Tennessee,Unicoi,$3.064
TN,Tennessee,Union,$3.103
TN,Tennessee,Van Buren,$3.299
TN,Tennessee,Warren,$3.161
TN,Tennessee,Washington,$3.121
TN,Tennessee,Wayne,$3.136
TN,Tennessee,Weakley,$3.104
TN,Tennessee,White,$2.976
TN,Tennessee,Williamson,$3.449
TN,Tennessee,Wilson,$3.090
LA,Louisiana,Acadia,$3.098
LA,Louisiana,Allen,$3.258
LA,Louisiana,Ascension,$3.072
LA,Louisiana,Assumption,$3.122
LA,Louisiana,Avoyelles,$3.079
LA,Louisiana,Beauregard,$2.996
LA,Louisiana,Bienville,$3.215
LA,Louisiana,Bossier,$2.965
LA,Louisiana,Caddo,$3.002
LA,Louisiana,Calcasieu,$3.069
LA,Louisiana,Caldwell,$3.132
LA,Louisiana,Cameron,$3.532
LA,Louisiana,Catahoula,$3.183
LA,Louisiana,Claiborne,$3.321
LA,Louisiana,Concordia,$2.991
LA,Louisiana,De Soto,$3.107
LA,Louisiana,East Baton Rouge,$3.085
LA,Louisiana,East Carroll,$3.199
LA,Louisiana,East Feliciana,$3.233
LA,Louisiana,Evangeline,$3.052
LA,Louisiana,Franklin,$3.141
LA,Louisiana,Grant,$3.146
LA,Louisiana,Iberia,$3.083
LA,Louisiana,Iberville,$3.132
LA,Louisiana,Jackson,$3.046
LA,Louisiana,Jefferson,$3.084
LA,Louisiana,Jefferson Davis,$3.145
LA,Louisiana,La Salle,$3.190
LA,Louisiana,Lafayette,$3.108
LA,Louisiana,Lafourche,$3.095
LA,Louisiana,Lincoln,$2.927
LA,Louisiana,Livingston,$3.046
LA,Louisiana,Madison,$3.028
LA,Louisiana,Morehouse,$3.055
LA,Louisiana,Natchitoches,$3.021
LA,Louisiana,Orleans,$3.076
LA,Louisiana,Ouachita,$2.894
LA,Louisiana,Plaquemines,$3.419
LA,Louisiana,Pointe Coupee,$3.202
LA,Louisiana,Rapides,$3.020
LA,Louisiana,Red River,$3.153
LA,Louisiana,Richland,$3.010
LA,Louisiana,Sabine,$3.199
LA,Louisiana,Saint Bernard,$2.999
LA,Louisiana,Saint Charles,$3.132
LA,Louisiana,Saint Helena,$3.104
LA,Louisiana,Saint James,$3.188
LA,Louisiana,St John the Baptist,$3.119
LA,Louisiana,Saint Landry,$3.038
LA,Louisiana,Saint Martin,$3.032
LA,Louisiana,Saint Mary,$3.181
LA,Louisiana,Saint Tammany,$3.100
LA,Louisiana,Tangipahoa,$3.037
LA,Louisiana,Tensas,$3.449
LA,Louisiana,Terrebonne,$3.062
LA,Louisiana,Union,$3.081
LA,Louisiana,Vermilion,$3.163
LA,Louisiana,Vernon,$3.167
LA,Louisiana,Washington,$3.124
LA,Louisiana,Webster,$3.106
LA,Louisiana,West Baton Rouge,$3.215
LA,Louisiana,West Carroll,$2.973
LA,Louisiana,West Feliciana,$3.266
LA,Louisiana,Winn,$3.138
MS,Mississippi,Adams,$3.068
MS,Mississippi,Alcorn,$2.906
MS,Mississippi,Amite,$3.022
MS,Mississippi,Attala,$3.098
MS,Mississippi,Benton,$3.011
MS,Mississippi,Bolivar,$2.903
MS,Mississippi,Calhoun,$3.037
MS,Mississippi,Carroll,$3.073
MS,Mississippi,Chickasaw,$3.006
MS,Mississippi,Choctaw,$3.139
MS,Mississippi,Claiborne,$3.299
MS,Mississippi,Clarke,$3.092
MS,Mississippi,Clay,$3.049
MS,Mississippi,Coahoma,$3.005
MS,Mississippi,Copiah,$2.982
MS,Mississippi,Covington,$2.993
MS,Mississippi,De Soto,$2.957
MS,Mississippi,Forrest,$2.963
MS,Mississippi,Franklin,$2.998
MS,Mississippi,George,$3.046
MS,Mississippi,Greene,$3.049
MS,Mississippi,Grenada,$2.997
MS,Mississippi,Hancock,$2.947
MS,Mississippi,Harrison,$2.905
MS,Mississippi,Hinds,$2.977
MS,Mississippi,Holmes,$3.255
MS,Mississippi,Humphreys,$3.209
MS,Mississippi,Issaquena,
MS,Mississippi,Itawamba,$2.960
MS,Mississippi,Jackson,$2.987
MS,Mississippi,Jasper,$2.844
MS,Mississippi,Jefferson,$2.999
MS,Mississippi,Jefferson Davis,$3.094
MS,Mississippi,Jones,$2.988
MS,Mississippi,Kemper,$3.051
MS,Mississippi,Lafayette,$3.111
MS,Mississippi,Lamar,$3.000
MS,Mississippi,Lauderdale,$3.053
MS,Mississippi,Lawrence,$2.999
MS,Mississippi,Leake,$2.975
MS,Mississippi,Lee,$3.006
MS,Mississippi,Leflore,$2.841
MS,Mississippi,Lincoln,$2.996
MS,Mississippi,Lowndes,$3.031
MS,Mississippi,Madison,$3.029
MS,Mississippi,Marion,$3.081
MS,Mississippi,Marshall,$2.972
MS,Mississippi,Monroe,$3.053
MS,Mississippi,Montgomery,$2.948
MS,Mississippi,Neshoba,$3.030
MS,Mississippi,Newton,$3.029
MS,Mississippi,Noxubee,$3.157
MS,Mississippi,Oktibbeha,$3.029
MS,Mississippi,Panola,$2.935
MS,Mississippi,Pearl River,$3.091
MS,Mississippi,Perry,$3.165
MS,Mississippi,Pike,$2.943
MS,Mississippi,Pontotoc,$3.017
MS,Mississippi,Prentiss,$2.982
MS,Mississippi,Quitman,$2.999
MS,Mississippi,Rankin,$2.931
MS,Mississippi,Scott,$3.100
MS,Mississippi,Sharkey,$3.199
MS,Mississippi,Simpson,$2.908
MS,Mississippi,Smith,$3.007
MS,Mississippi,Stone,$2.933
MS,Mississippi,Sunflower,$3.026
MS,Mississippi,Tallahatchie,$3.135
MS,Mississippi,Tate,$2.953
MS,Mississippi,Tippah,$3.017
MS,Mississippi,Tishomingo,$3.004
MS,Mississippi,Tunica,$3.059
MS,Mississippi,Union,$2.917
MS,Mississippi,Walthall,$3.112
MS,Mississippi,Warren,$2.912
MS,Mississippi,Washington,$2.995
MS,Mississippi,Wayne,$3.039
MS,Mississippi,Webster,$3.049
MS,Mississippi,Wilkinson,$3.047
MS,Mississippi,Winston,$3.088
MS,Mississippi,Yalobusha,$2.989
MS,Mississippi,Yazoo,$2.895
